"f","e","d","tau_q","tau_s","v_s"
-0.134607835988731,-0.0029526603384511,0.0248906950606198,-0.0255987064878838,-0.101811009622921,-0.216419193677098
-0.0029526603384511,-0.000115130127653629,-0.000120270460257643,-0.000855582271697131,-0.00134289246389585,-0.0069725891727046
0.0248906950606198,-0.000120270460257643,-0.0525532617423607,-0.014416484672708,-0.0494435159481554,-0.111487247211883
-0.0255987064878838,-0.000855582271697131,-0.014416484672708,-0.0153927426360667,-0.000780936426636458,-0.0901800356611915
-0.101811009622921,-0.00134289246389585,-0.0494435159481554,-0.000780936426636458,-0.0264135158190015,0.0170931879761582
-0.216419193677098,-0.0069725891727046,-0.111487247211883,-0.0901800356611915,0.0170931879761582,0.0153152379667176
-0.126759169827295,0.00162476143650281,0.330157967631806,-0.0912690090171253,-0.0900268526393688,-0.28735681611991
0.00162476143650281,-6.58362253602718e-06,-0.0227876995051446,-0.00254345988714988,-0.00140684686122938,-0.00814131539961238
0.330157967631806,-0.0227876995051446,-0.275784106662513,-0.0864876559258931,-0.0749561246404795,-0.237342989706235
-0.0912690090171253,-0.00254345988714988,-0.0864876559258931,-0.0739129313309661,-0.00926219101415882,-0.187056486966597
-0.0900268526393688,-0.00140684686122938,-0.0749561246404795,-0.00926219101415882,-0.0497120900000425,0.0249815390596098
-0.28735681611991,-0.00814131539961238,-0.237342989706235,-0.187056486966597,0.0249815390596098,0.0239199660079237
-0.273238087711292,-0.00252720622206937,0.205995226432165,-0.0436332192599309,-0.369575758885077,-0.27058362772614
-0.00252720622206937,-5.54778445405191e-05,0.00142505451883324,-0.00105042641251885,-0.00352569640149625,-0.00668162192241084
0.205995226432165,0.00142505451883324,-0.0802446331604756,-0.024330976122755,-0.155168816684537,-0.143134859520444
-0.0436332192599309,-0.00105042641251885,-0.024330976122755,-0.0232989294524089,-0.00772841235452404,-0.131084798571379
-0.369575758885077,-0.00352569640149625,-0.155168816684537,-0.00772841235452404,-0.506707675818063,0.139021549827589
-0.27058362772614,-0.00668162192241084,-0.143134859520444,-0.131084798571379,0.139021549827589,0.017554124820407
-0.0896625884649893,-0.000351491058481201,0.142904854616432,-0.0430099900139425,-0.0695495605551599,-0.324168425436255
-0.000351491058481201,-2.33812968986058e-05,0.000634020613787811,-0.00113305476112657,-0.00124564247805381,-0.00882991457729077
0.142904854616432,0.000634020613787811,-0.0586636517141415,-0.034584274333227,-0.0453720394588686,-0.236597264002825
-0.0430099900139425,-0.00113305476112657,-0.034584274333227,-0.0369293151614158,-0.00256437093781869,-0.214896606065551
-0.0695495605551599,-0.00124564247805381,-0.0453720394588686,-0.00256437093781869,-0.0222170837282931,0.0120775833778453
-0.324168425436255,-0.00882991457729077,-0.236597264002825,-0.214896606065551,0.0120775833778453,0.0199873673167872
-0.153949775150153,-0.00776346209541146,-0.0619009732361064,-0.031493208041411,-0.121104254402482,-0.225025093003595
-0.00776346209541146,-0.000197764027376479,-0.00121677667941356,-0.00101658126361315,-0.00146264667044704,-0.00702390368090278
-0.0619009732361064,-0.00121677667941356,-0.0603863181680708,-0.0161107183149767,-0.0573320002583699,-0.104263397915361
-0.031493208041411,-0.00101658126361315,-0.0161107183149767,-0.0149503631696746,-0.000993916060565425,-0.0746262995843239
-0.121104254402482,-0.00146264667044704,-0.0573320002583699,-0.000993916060565425,-0.0672687794356364,0.0252073251161278
-0.225025093003595,-0.00702390368090278,-0.104263397915361,-0.0746262995843239,0.0252073251161278,0.013194911829828
-0.490720164503244,-0.0106345932060492,0.0716554648949597,-0.00756277818148021,-0.162101493339506,-0.202183036979164
-0.0106345932060492,-0.000125910393222739,-0.000176597625412001,-0.000167016400709485,-0.00163575819556172,-0.00611702910546796
0.0716554648949597,-0.000176597625412001,-0.0329353100347873,-0.00232522334719931,-0.0456063464771006,-0.0825001678084192
-0.00756277818148021,-0.000167016400709485,-0.00232522334719931,-0.00297996072262663,-0.000312422310244642,-0.0774383557278213
-0.162101493339506,-0.00163575819556172,-0.0456063464771006,-0.000312422310244642,-0.0581639403307577,0.0267618149862869
-0.202183036979164,-0.00611702910546796,-0.0825001678084192,-0.0774383557278213,0.0267618149862869,0.0126632038188745
-0.0343073569553098,0.000479755124516146,0.0672388145162017,-0.0245888920336057,-0.0738006267209101,-0.240284825370196
0.000479755124516146,-3.8791192480403e-05,-0.000196637151006485,-0.000914635034376943,-0.00121357923710264,-0.00858476623122328
0.0672388145162017,-0.000196637151006485,-0.0435722569136487,-0.0190509497066671,-0.0531550303772832,-0.170020325596099
-0.0245888920336057,-0.000914635034376943,-0.0190509497066671,-0.0159823043688334,-0.00056845084195345,-0.110949610609978
-0.0738006267209101,-0.00121357923710264,-0.0531550303772832,-0.00056845084195345,-0.0170541136768065,0.0133740074570454
-0.240284825370196,-0.00858476623122328,-0.170020325596099,-0.110949610609978,0.0133740074570454,0.0172068026493832
1.25988733890026,0.0239577246929912,0.333166810806418,-0.143947459507743,0.0198570770937323,-0.402007227506829
0.0239577246929912,4.76951811378967e-05,0.000801564370433994,-0.00221087592677804,0.0001494249168843,-0.00597522586964772
0.333166810806418,0.000801564370433994,-0.0361476071297773,-0.0524077892194441,-0.0246442144469228,-0.113749226704485
-0.143947459507743,-0.00221087592677804,-0.0524077892194441,-0.100362484989347,-0.020877111150952,-0.2735427884204
0.0198570770937323,0.0001494249168843,-0.0246442144469228,-0.020877111150952,-0.0796301802274968,0.0202251937420073
-0.402007227506829,-0.00597522586964772,-0.113749226704485,-0.2735427884204,0.0202251937420073,0.01408047012319
-0.119878718063404,-0.000137506672714949,0.265468796945001,-0.0867241389812534,-0.0954408441167232,-0.23179618779956
-0.000137506672714949,-4.21107593240322e-05,0.000211797246407741,-0.00260491073156288,-0.00156103463488932,-0.0071651962141317
0.265468796945001,0.000211797246407741,-0.153066603836294,-0.091838686655521,-0.0944906985989036,-0.228670798962938
-0.0867241389812534,-0.00260491073156288,-0.091838686655521,-0.0611305450703981,-0.00714581172012174,-0.133808136792979
-0.0954408441167232,-0.00156103463488932,-0.0944906985989036,-0.00714581172012174,-0.0476470085608582,0.0311194459090558
-0.23179618779956,-0.0071651962141317,-0.228670798962938,-0.133808136792979,0.0311194459090558,0.0276965561596398
-0.232526820020951,-0.00238525865725592,0.143526496243496,-0.180750886480396,-0.136604361156145,-0.324429733078446
-0.00238525865725592,-9.30810983845731e-05,-0.000337818661932943,-0.00385987908302354,-0.00146901379949327,-0.0072644057436122
0.143526496243496,-0.000337818661932943,-0.0890262197295044,-0.0770084052081899,-0.0542952960369547,-0.130148469779101
-0.180750886480396,-0.00385987908302354,-0.0770084052081899,-0.0634915564567962,-0.00721339099563068,-0.122836241178703
-0.136604361156145,-0.00146901379949327,-0.0542952960369547,-0.00721339099563068,-0.0541341194093548,0.029909735799194
-0.324429733078446,-0.0072644057436122,-0.130148469779101,-0.122836241178703,0.029909735799194,0.0287665891107736
-0.316400761146696,0.00174603109748261,0.203585076574697,-0.00182364678913416,-0.27181695783085,-0.309270753451329
0.00174603109748261,-5.95079541199084e-06,0.00143808298602721,-3.94850818707937e-05,-0.00283641443665772,-0.00578906922399369
0.203585076574697,0.00143808298602721,-0.0402483713024537,-0.000804795119435653,-0.0996275506537359,-0.112272469099395
-0.00182364678913416,-3.94850818707937e-05,-0.000804795119435653,-0.0007506772981003,-0.000228378427280518,-0.0834805113925086
-0.27181695783085,-0.00283641443665772,-0.0996275506537359,-0.000228378427280518,-0.256645182883375,0.0738346939144208
-0.309270753451329,-0.00578906922399369,-0.112272469099395,-0.0834805113925086,0.0738346939144208,-0.000163813407283442
-0.253988452492138,-0.00816190448560405,-0.151682189031277,-0.0169992353526993,-0.105273806338957,-0.224673313287127
-0.00816190448560405,-0.000323174820238137,-0.00168954850110481,-0.000567779157023551,-0.00137992950399735,-0.00794326826536462
-0.151682189031277,-0.00168954850110481,-0.0805213451471332,-0.00939224809037853,-0.0583742998383485,-0.114467163525589
-0.0169992353526993,-0.000567779157023551,-0.00939224809037853,-0.0075661588105902,-0.000379857256760374,-0.0877754868788827
-0.105273806338957,-0.00137992950399735,-0.0583742998383485,-0.000379857256760374,-0.0951045797670247,0.0270200695151601
-0.224673313287127,-0.00794326826536462,-0.114467163525589,-0.0877754868788827,0.0270200695151601,0.0123842158750165
-0.232908958786027,-0.00385097509436605,0.207935924034786,-0.0652728371353106,-0.199291272373614,-0.172657299568613
-0.00385097509436605,-6.29829521869851e-05,-0.000727423676849526,-0.00202205474586492,-0.00118831611217729,-0.00533162403115739
0.207935924034786,-0.000727423676849526,-0.182672732496059,-0.0683578194049517,-0.173497177735626,-0.164988445128245
-0.0652728371353106,-0.00202205474586492,-0.0683578194049517,-0.0380783293785214,-0.0120015775095794,-0.09149035973266
-0.199291272373614,-0.00118831611217729,-0.173497177735626,-0.0120015775095794,-0.257976495721124,0.123930871120947
-0.172657299568613,-0.00533162403115739,-0.164988445128245,-0.09149035973266,0.123930871120947,0.0238681852060552
-1.57931071553818,0.0443652170556419,0.120253002000581,-0.111791720325272,0.160034607787907,-0.353206736081191
0.0443652170556419,4.15445455814734e-05,0.000389471788153628,-0.00110376707773696,0.000899397223363962,-0.00311300984989771
0.120253002000581,0.000389471788153628,-0.0145442435872667,-0.0305415137624721,-0.0159697588486551,-0.0616698137001492
-0.111791720325272,-0.00110376707773696,-0.0305415137624721,-0.0757721219102336,-0.028283614339486,-0.260386950889924
0.160034607787907,0.000899397223363962,-0.0159697588486551,-0.028283614339486,-0.166658564726418,0.0321693893745589
-0.353206736081191,-0.00311300984989771,-0.0616698137001492,-0.260386950889924,0.0321693893745589,0.0239600894680336
-0.523775456340303,-0.00673027189534992,0.000306199510191618,-0.0299077818066706,-0.0992395055021689,-0.290175244943569
-0.00673027189534992,-8.87734330490275e-05,0.000166222591246878,-0.00650624554232593,-0.00120420340365968,-0.00577743408669562
0.000306199510191618,0.000166222591246878,-0.0312833647875266,-0.00203833061540593,-0.0232439179015387,-0.0731949278964805
-0.0299077818066706,-0.00650624554232593,-0.00203833061540593,0.00186970439131073,-0.000716748882467755,-0.0665372867914016
-0.0992395055021689,-0.00120420340365968,-0.0232439179015387,-0.000716748882467755,-0.00910737041337484,0.0137474420736083
-0.290175244943569,-0.00577743408669562,-0.0731949278964805,-0.0665372867914016,0.0137474420736083,0.0131767263766847
-0.136648492521374,-0.00391291998802501,-0.00146291312397295,-0.0664666266469993,-0.0652954190716315,-0.249023551779359
-0.00391291998802501,-0.000356747964502802,0.000833805247069108,-0.00209480766066861,-0.000674726940985693,-0.00799382782190605
-0.00146291312397295,0.000833805247069108,-0.0615901440959021,-0.0337781413950466,-0.0356765894604649,-0.114885551072419
-0.0664666266469993,-0.00209480766066861,-0.0337781413950466,-0.0286150991790635,-0.000669836408562219,-0.0838103642042398
-0.0652954190716315,-0.000674726940985693,-0.0356765894604649,-0.000669836408562219,-0.00461266580487063,0.00957446899541026
-0.249023551779359,-0.00799382782190605,-0.114885551072419,-0.0838103642042398,0.00957446899541026,0.0150336632032122
-0.502390307133282,0.00153317913920148,0.227515251083332,-0.0404650979390908,-0.324468585333193,-0.32503425506647
0.00153317913920148,-1.38777878078145e-05,0.0011349809980743,-0.000724675874863578,-0.00242273423545214,-0.00584116643942423
0.227515251083332,0.0011349809980743,-0.0429296820314562,-0.0125379984172724,-0.0783711540108811,-0.0926901722042572
-0.0404650979390908,-0.000724675874863578,-0.0125379984172724,-0.0153446699791004,-0.00463923344184991,-0.0987073145441997
-0.324468585333193,-0.00242273423545214,-0.0783711540108811,-0.00463923344184991,-0.285545775913221,0.0836859859187911
-0.32503425506647,-0.00584116643942423,-0.0926901722042572,-0.0987073145441997,0.0836859859187911,0.0137878930495106
-0.221209295325764,0.00316229820107594,0.478770345591073,-0.135651329058462,-0.115151399526781,-0.335965905096103
0.00316229820107594,-1.37667655053519e-05,0.00116984200104753,-0.00295155566654159,-0.00121661569707499,-0.00705485669882933
0.478770345591073,0.00116984200104753,-0.0788641596471962,-0.0738776040343225,-0.057249588403252,-0.155539142676631
-0.135651329058462,-0.00295155566654159,-0.0738776040343225,-0.0766259056206309,-0.0114521059302319,-0.15198327596444
-0.115151399526781,-0.00121661569707499,-0.057249588403252,-0.0114521059302319,-0.055853532909822,0.0324655191619172
-0.335965905096103,-0.00705485669882933,-0.155539142676631,-0.15198327596444,0.0324655191619172,0.0230693242286861
-0.172594349923116,-0.00422873402960988,-0.03051910391072,-0.00300360847305114,-0.0638468444780216,-0.205083677817797
-0.00422873402960988,-0.000124211751995063,-0.000475708361591387,-0.000100780495060349,-0.00109337539022647,-0.00620692941488699
-0.03051910391072,-0.000475708361591387,-0.0316988546522623,-0.00141943123921351,-0.0292448787408972,-0.0891423102000743
-0.00300360847305114,-0.000100780495060349,-0.00141943123921351,-0.00106041841974047,-5.53834755834259e-05,-0.0400163180369617
-0.0638468444780216,-0.00109337539022647,-0.0292448787408972,-5.53834755834259e-05,-0.000725686177815987,0.00947782408111664
-0.205083677817797,-0.00620692941488699,-0.0891423102000743,-0.0400163180369617,0.00947782408111664,0.0107054254350203
1.23218768521838,0.029414570779096,0.208078282382118,-0.147644346748521,0.0547807521567023,-0.401487759704722
0.029414570779096,2.91544566266566e-05,0.000243666198329606,-0.00231989427668111,0.000305233616160194,-0.00535141930768646
0.208078282382118,0.000243666198329606,-0.0337826433494115,-0.0536328592648516,-0.00845012393391187,-0.0918636555713448
-0.147644346748521,-0.00231989427668111,-0.0536328592648516,-0.0715397519002181,-0.0168390468235913,-0.22493247819888
0.0547807521567023,0.000305233616160194,-0.00845012393391187,-0.0168390468235913,-0.0204028571815229,0.0122368171151521
-0.401487759704722,-0.00535141930768646,-0.0918636555713448,-0.22493247819888,0.0122368171151521,0.0200373273528953
-0.202478811495155,0.00339537287175062,0.387957077574441,-0.0713925862871889,-0.0534695843157351,-0.284222950730495
0.00339537287175062,-3.10862446895044e-07,0.00128149713063408,-0.00168387526144897,-0.000799016408592479,-0.00672120692435385
0.387957077574441,0.00128149713063408,-0.0658673227071915,-0.0456446602736804,-0.0310895531541178,-0.157627855212894
-0.0713925862871889,-0.00168387526144897,-0.0456446602736804,-0.047416837123393,-0.00516323650501249,-0.138911393499086
-0.0534695843157351,-0.000799016408592479,-0.0310895531541178,-0.00516323650501249,-0.0252598164607321,0.0180347015099613
-0.284222950730495,-0.00672120692435385,-0.157627855212894,-0.138911393499086,0.0180347015099613,0.0187448057076267
0.291714141731347,-0.00613998296650209,0.299420888083546,-0.039657771511159,-0.060754490327497,-0.134554961617184
-0.00613998296650209,-7.65942864688895e-05,-0.00448749370995927,-0.00175731651452793,-0.00114495635195055,-0.00504988273419826
0.299420888083546,-0.00448749370995927,0.412049783182766,-0.0399084376656589,-0.053216969719827,-0.120829973804248
-0.039657771511159,-0.00175731651452793,-0.0399084376656589,-0.0237072361741753,-0.00184446347084588,-0.0492232976601059
-0.060754490327497,-0.00114495635195055,-0.053216969719827,-0.00184446347084588,-0.00929575305619323,0.0174703806976595
-0.134554961617184,-0.00504988273419826,-0.120829973804248,-0.0492232976601059,0.0174703806976595,0.0203128402986863
1.61471107595901,0.0206307027017516,0.256051008173941,-0.0413868883608615,0.190844323677553,-0.200505001490825
0.0206307027017516,4.67736960274578e-05,0.000983485515249072,-0.00046438408674021,0.00101045838363234,-0.00270795608159347
0.256051008173941,0.000983485515249072,-0.0161637481177479,-0.0119913412532924,-0.0094346308543436,-0.0612837891544871
-0.0413868883608615,-0.00046438408674021,-0.0119913412532924,-0.0242353470625289,-0.00500460783925405,-0.118424436923448
0.190844323677553,0.00101045838363234,-0.0094346308543436,-0.00500460783925405,-0.0825983614838322,0.0398038435545089
-0.200505001490825,-0.00270795608159347,-0.0612837891544871,-0.118424436923448,0.0398038435545089,0.0156882840052219
-0.153003165692667,-0.00110702558231424,0.0208980055482755,-0.020137491674177,-0.067699773564911,-0.198093247361086
-0.00110702558231424,-4.30655511252098e-05,-0.000475441908065477,-0.000743222150489942,-0.00130047639324005,-0.00677517486558088
0.0208980055482755,-0.000475441908065477,-0.0590413384848887,-0.014403728210155,-0.0399119626237621,-0.131675625958394
-0.020137491674177,-0.000743222150489942,-0.014403728210155,-0.0131522681634522,-0.000667021993194794,-0.0805040534235246
-0.067699773564911,-0.00130047639324005,-0.0399119626237621,-0.000667021993194794,-0.0073681505341483,0.0119886378602274
-0.198093247361086,-0.00677517486558088,-0.131675625958394,-0.0805040534235246,0.0119886378602274,0.0165886637759627
-0.581804338040115,0.0474010997120189,0.679518302737492,-0.120176435469688,-0.0776795738843816,-0.375445846634292
0.0474010997120189,-2.10276240864005e-05,0.000849731396357356,-0.00230183649918558,-0.00091212593034129,-0.00696640523045744
0.679518302737492,0.000849731396357356,-0.0598469829249382,-0.0484423723356997,-0.0269670730190796,-0.13266395204603
-0.120176435469688,-0.00230183649918558,-0.0484423723356997,-0.063269778305397,-0.00574892911053837,-0.14512291368618
-0.0776795738843816,-0.00091212593034129,-0.0269670730190796,-0.00574892911053837,-0.0203127514808443,0.0169230129909437
-0.375445846634292,-0.00696640523045744,-0.13266395204603,-0.14512291368618,0.0169230129909437,0.0180801373872441
-0.0642843445142205,0.000445821157768478,-0.521656651208957,-0.0325025839575943,-0.0782182429936995,-0.115403031575312
0.000445821157768478,-7.20312698376802e-05,0.000869432303929329,-0.00165509272953557,-0.00135595978889569,-0.00511402031833086
-0.521656651208957,0.000869432303929329,-0.148613743533588,-0.0444193182236319,-0.0896585528042948,-0.141098360773029
-0.0325025839575943,-0.00165509272953557,-0.0444193182236319,-0.0232742380923412,-0.00284413048667886,-0.0542815348225645
-0.0782182429936995,-0.00135595978889569,-0.0896585528042948,-0.00284413048667886,-0.0417971324218058,0.0312302239624529
-0.115403031575312,-0.00511402031833086,-0.141098360773029,-0.0542815348225645,0.0312302239624529,0.0210174211368042
-0.0941971278756171,0.00073407391276703,0.306735836730354,-0.103886294011701,-0.100100355782118,-0.183053172619907
0.00073407391276703,-2.31592522936808e-05,0.000101479935565862,-0.00357630036695866,-0.00127311494679816,-0.00615844597540161
0.306735836730354,0.000101479935565862,-0.239315312011712,-0.141381473195423,-0.130058736003136,-0.223233437290915
-0.103886294011701,-0.00357630036695866,-0.141381473195423,-0.0733244132078426,-0.0108936581977304,-0.108357717243379
-0.100100355782118,-0.00127311494679816,-0.130058736003136,-0.0108936581977304,-0.0727791271692979,0.0504050301497472
-0.183053172619907,-0.00615844597540161,-0.223233437290915,-0.108357717243379,0.0504050301497472,0.0341560890682047
0.445755132805203,0.0141512135343191,0.173761893762503,-0.0145381429117464,-0.0405928957114554,-0.292572788218592
0.0141512135343191,3.09419156963031e-05,0.000637245811674347,-0.000211747286371633,-0.000286726198339693,-0.00477387573916133
0.173761893762503,0.000637245811674347,-0.0163116187223977,-0.0038368974664138,-0.0148890066942187,-0.0799915300664367
-0.0145381429117464,-0.000211747286371633,-0.0038368974664138,-0.00612034867231159,-0.000833078050987979,-0.0937193433969696
-0.0405928957114554,-0.000286726198339693,-0.0148890066942187,-0.000833078050987979,-0.027872215646596,0.0204535943737483
-0.292572788218592,-0.00477387573916133,-0.0799915300664367,-0.0937193433969696,0.0204535943737483,0.00983922943120774
-0.0999348492847218,0.000967648183802794,0.114190090716448,-0.0855192416882034,-0.057635018979596,-0.178840842135486
0.000967648183802794,-4.68403094089354e-05,0.000177935444156674,-0.00356222829012154,-0.00110301212608022,-0.00690447699014385
0.114190090716448,0.000177935444156674,-0.106998754301202,-0.0770302710506598,-0.0457374083051576,-0.143848255529377
-0.0855192416882034,-0.00356222829012154,-0.0770302710506598,-0.0589816306906243,-0.0025729418595688,-0.0908993713633066
-0.057635018979596,-0.00110301212608022,-0.0457374083051576,-0.0025729418595688,-0.00473613370743919,0.0129430632878069
-0.178840842135486,-0.00690447699014385,-0.143848255529377,-0.0908993713633066,0.0129430632878069,0.0262016297547518
0.185694881693621,0.0121539112107882,0.706426300789431,-0.0960637625002647,-0.0321952964288386,-0.246951120663752
0.0121539112107882,4.08006961549745e-05,0.00233301711283218,-0.00217557083459496,-0.000399213995194714,-0.0056653071123236
0.706426300789431,0.00233301711283218,-0.0808746292157991,-0.0551621803790425,-0.0394627386324231,-0.126291904711806
-0.0960637625002647,-0.00217557083459496,-0.0551621803790425,-0.0658657683949571,-0.0125693899732937,-0.145646050775383
-0.0321952964288386,-0.000399213995194714,-0.0394627386324231,-0.0125693899732937,-0.0620552165209176,0.0338834904578533
-0.246951120663752,-0.0056653071123236,-0.126291904711806,-0.145646050775383,0.0338834904578533,0.0241994646543731
-0.494372365267282,0.0222994345211447,0.12355880762982,-0.0117703402580105,-0.110762932159503,-0.38079571718086
0.0222994345211447,-4.98823204964083e-05,0.000577604630791484,-3.23019389014689e-05,-0.00127555188633721,-0.00852662940253879
0.12355880762982,0.000577604630791484,-0.0189595339428195,-0.000507638375779607,-0.0245715225943854,-0.150666623621731
-0.0117703402580105,-3.23019389014689e-05,-0.000507638375779607,-0.000978239711457718,-4.86721773995669e-05,-0.19526905647993
-0.110762932159503,-0.00127555188633721,-0.0245715225943854,-4.86721773995669e-05,-0.0141386014007594,0.0107825359751956
-0.38079571718086,-0.00852662940253879,-0.150666623621731,-0.19526905647993,0.0107825359751956,-0.0145686684938084
0.853175774473414,0.0178845716014564,0.360691626566378,-0.00649563181021051,0.0292166957294171,-0.250113807442887
0.0178845716014564,6.46260822634304e-05,0.00225414131804769,-0.000111571862859705,1.64535052249448e-05,-0.00488476481486089
0.360691626566378,0.00225414131804769,-0.0264353428036657,-0.00409793310396367,-0.0509153885719371,-0.144187289885522
-0.00649563181021051,-0.000111571862859705,-0.00409793310396367,-0.0061252225513897,-0.00175664482959803,-0.20812457313113
0.0292166957294171,1.64535052249448e-05,-0.0509153885719371,-0.00175664482959803,-0.266745703303428,0.0514978726329218
-0.250113807442887,-0.00488476481486089,-0.144187289885522,-0.20812457313113,0.0514978726329218,0.0104497743791399
-0.0996035920408644,0.0019287460517603,0.232151731172081,-0.0101480546188526,-0.0681067480190478,-0.237936348401746
0.0019287460517603,1.22013510406305e-05,0.00133685285064189,-0.000294886337570688,-0.00119816379040572,-0.00732841010098184
0.232151731172081,0.00133685285064189,-0.0463866389743828,-0.00949422207519035,-0.0544150169368152,-0.205958972099296
-0.0101480546188526,-0.000294886337570688,-0.00949422207519035,-0.00823929813265067,-0.000904437635895761,-0.136898586911016
-0.0681067480190478,-0.00119816379040572,-0.0544150169368152,-0.000904437635895761,-0.0353207796344179,0.018833862247547
-0.237936348401746,-0.00732841010098184,-0.205958972099296,-0.136898586911016,0.018833862247547,0.0159622093320877
-0.442707148717858,-0.00616576234513388,0.122165366711613,-0.153127682755994,-0.265071625760172,-0.25303838468993
-0.00616576234513388,-0.00023294699502685,0.000742284012034133,-0.00335053651490114,-0.00217321716178276,-0.00583849080193488
0.122165366711613,0.000742284012034133,-0.053165527535981,-0.0451265191880879,-0.0511581887963075,-0.0643839315195294
-0.153127682755994,-0.00335053651490114,-0.0451265191880879,-0.0578134540241138,-0.00941341449234301,-0.0878566108752921
-0.265071625760172,-0.00217321716178276,-0.0511581887963075,-0.00941341449234301,-0.205543770892547,0.0834002589211735
-0.25303838468993,-0.00583849080193488,-0.0643839315195294,-0.0878566108752921,0.0834002589211735,0.0175597536511418
-0.135267985701404,-0.000483507678339379,0.102309882787921,-0.058465754460002,-0.0779294906383399,-0.237616260001516
-0.000483507678339379,-6.10289596636449e-05,-0.000182587278629853,-0.00180876980060418,-0.00137549971412909,-0.00699607594079055
0.102309882787921,-0.000182587278629853,-0.0820504664211796,-0.0383885090382563,-0.0451903403586584,-0.145649031724204
-0.058465754460002,-0.00180876980060418,-0.0383885090382563,-0.0351005002841021,-0.0019817480989559,-0.0971260849524924
-0.0779294906383399,-0.00137549971412909,-0.0451903403586584,-0.0019817480989559,-0.0107495123913282,0.0148020207202393
-0.237616260001516,-0.00699607594079055,-0.145649031724204,-0.0971260849524924,0.0148020207202393,0.0203725147862599
1.53492301091518,0.0463851290710693,0.369109867670581,-0.21626150870091,-0.127258603654923,-0.487616333422203
0.0463851290710693,4.35984581770299e-05,0.000137581612769111,-0.00240946151919275,-0.000243394193688573,-0.00514563669451462
0.369109867670581,0.000137581612769111,-0.0257170396089634,-0.046545958753974,-0.0303744196461508,-0.074350545165025
-0.21626150870091,-0.00240946151919275,-0.046545958753974,-0.0849219916609911,-0.0394002913628455,-0.235782104951454
-0.127258603654923,-0.000243394193688573,-0.0303744196461508,-0.0394002913628455,-0.216712625622506,0.0419443840771194
-0.487616333422203,-0.00514563669451462,-0.074350545165025,-0.235782104951454,0.0419443840771194,0.0179950498946368
0.915329034789636,0.0225073071291604,0.238864700241592,-0.0207102224258904,0.0718811787869811,-0.438948805081552
0.0225073071291604,4.51083614905201e-05,0.000931493771005876,-0.000542432765371359,0.000393374222085185,-0.00548439627046093
0.238864700241592,0.000931493771005876,-0.0168490554841583,-0.0137651168241604,-0.0184209481002284,-0.119893805994309
-0.0207102224258904,-0.000542432765371359,-0.0137651168241604,-0.0355970364296354,-0.00521239162942777,-0.327214771944639
0.0718811787869811,0.000393374222085185,-0.0184209481002284,-0.00521239162942777,-0.0884162631997754,0.0181796022680203
-0.438948805081552,-0.00548439627046093,-0.119893805994309,-0.327214771944639,0.0181796022680203,0.0099862673685891
0.435203950654994,0.0390594612209583,0.989497878078893,-0.0574737091252331,0.0273931544114703,-0.18766910248047
0.0390594612209583,7.0832228971085e-05,0.00271544453589456,-0.00118269838367269,0.000280608869474008,-0.00418796664014565
0.989497878078893,0.00271544453589456,-0.0551227841150137,-0.0352055107288862,-0.03544124993482,-0.0949730072363764
-0.0574737091252331,-0.00118269838367269,-0.0352055107288862,-0.0399118516014596,-0.0116814447004288,-0.120807702730374
0.0273931544114703,0.000280608869474008,-0.03544124993482,-0.0116814447004288,-0.125971943987224,0.0530092525430348
-0.18766910248047,-0.00418796664014565,-0.0949730072363764,-0.120807702730374,0.0530092525430348,0.0224112839397606
-0.0313430836840212,-0.00341258687974744,-0.102142738711564,-0.0211940409666767,-0.0426129853625667,-0.158510332637363
-0.00341258687974744,-5.83311177138057e-05,0.188739235351676,-0.00100163766170169,-0.00110833564548329,-0.00669340138870211
-0.102142738711564,0.188739235351676,-0.399529576089463,-0.0235350572364013,-0.0438200364882846,-0.162479080190181
-0.0211940409666767,-0.00100163766170169,-0.0235350572364013,-0.0118202114762767,-0.000598282534625127,-0.0515790188337917
-0.0426129853625667,-0.00110833564548329,-0.0438200364882846,-0.000598282534625127,-0.00280971912403061,0.0107161501894382
-0.158510332637363,-0.00669340138870211,-0.162479080190181,-0.0515790188337917,0.0107161501894382,0.0159044666325769
-0.0670388633494667,-0.000756050777539485,0.048286663556496,-0.0230388985666963,-0.0498276808702514,-0.174390329954477
-0.000756050777539485,-6.98774371699074e-05,-0.000385619314258179,-0.000913497055776702,-0.000996402960140585,-0.00622234486158391
0.048286663556496,-0.000385619314258179,-0.0593706417362228,-0.0181725079428929,-0.0378867326400467,-0.127599086852115
-0.0230388985666963,-0.000913497055776702,-0.0181725079428929,-0.0102766906096008,-0.000497041297009559,-0.0465249394565603
-0.0498276808702514,-0.000996402960140585,-0.0378867326400467,-0.000497041297009559,-0.00186295423532101,0.0103337727264119
-0.174390329954477,-0.00622234486158391,-0.127599086852115,-0.0465249394565603,0.0103337727264119,0.0135634170561616
-0.383899534384113,1.40609746068776e-05,0.31555379420567,-0.0669182764756471,-0.103005776130871,-0.274860079141348
1.40609746068776e-05,-2.32924790566358e-05,0.000912575570666263,-0.00151013090921026,-0.00118748899602394,-0.00602281557959827
0.31555379420567,0.000912575570666263,-0.0653555209950696,-0.0352008311388374,-0.0495313956516696,-0.132520311391104
-0.0669182764756471,-0.00151013090921026,-0.0352008311388374,-0.0311023651278219,-0.00463087346247448,-0.0941549505029116
-0.103005776130871,-0.00118748899602394,-0.0495313956516696,-0.00463087346247448,-0.0404093314365639,0.0291472068703058
-0.274860079141348,-0.00602281557959827,-0.132520311391104,-0.0941549505029116,0.0291472068703058,0.0198435157194865
-0.54495303825064,-0.00346997430789031,-0.235501096401691,-0.0100468411368126,-0.132530092455951,-0.130350813476454
-0.00346997430789031,-6.96109836439973e-05,-0.00174800174335132,-0.000497785146436058,-0.00270062860963094,-0.00589976401066394
-0.235501096401691,-0.00174800174335132,-0.137724687210294,-0.0127299615293452,-0.131241278955585,-0.1510578995223
-0.0100468411368126,-0.000497785146436058,-0.0127299615293452,-0.00705862035488281,-0.00128911881169813,-0.0618032847121697
-0.132530092455951,-0.00270062860963094,-0.131241278955585,-0.00128911881169813,-0.143342238079214,0.0521853504853453
-0.130350813476454,-0.00589976401066394,-0.1510578995223,-0.0618032847121697,0.0521853504853453,0.0158058011123785
-0.0666111832359206,0.00111837206162591,0.162861407693171,-0.026956764598296,-0.0983608250404444,-0.162985819285311
0.00111837206162591,-1.4210854715202e-05,0.000535155253444941,-0.00102075570218574,-0.00172986069912895,-0.00590829607460819
0.162861407693171,0.000535155253444941,-0.118884557753773,-0.029971009007923,-0.0977838698901223,-0.171049890917985
-0.026956764598296,-0.00102075570218574,-0.029971009007923,-0.0168559166624505,-0.00245582998381622,-0.070536110285957
-0.0983608250404444,-0.00172986069912895,-0.0977838698901223,-0.00245582998381622,-0.0572804137455307,0.0346652206939524
-0.162985819285311,-0.00590829607460819,-0.171049890917985,-0.070536110285957,0.0346652206939524,0.0205150896270823
-0.137141642486682,-0.00262076471635453,0.0155589319206229,-0.0333758354287284,-0.11401976030001,-0.178180470378209
-0.00262076471635453,-0.000110034203970599,-0.000856020809791858,-0.00107454600772883,-0.00125872090528389,-0.00539492339690639
0.0155589319206229,-0.000856020809791858,-0.0542149547477777,-0.0159140700617399,-0.0545838485521699,-0.0797650445694131
-0.0333758354287284,-0.00107454600772883,-0.0159140700617399,-0.0101897601467726,-0.00104000696943274,-0.0387981424765371
-0.11401976030001,-0.00125872090528389,-0.0545838485521699,-0.00104000696943274,-0.07225758880125,0.0274428757496281
-0.178180470378209,-0.00539492339690639,-0.0797650445694131,-0.0387981424765371,0.0274428757496281,0.0100664587776578
-0.0575024028393045,0.00125207066936639,0.100357744337032,-0.0431206126361161,-0.0504022323877251,-0.153111279210805
0.00125207066936639,-4.48641124251026e-05,0.000862243609844882,-0.00210370054709585,-0.00110105258244175,-0.00668050059715597
0.100357744337032,0.000862243609844882,-0.112069920010782,-0.0507541009220347,-0.05425698779149,-0.163278240927767
-0.0431206126361161,-0.00210370054709585,-0.0507541009220347,-0.0284809842376887,-0.00141885947435583,-0.0642509878634456
-0.0504022323877251,-0.00110105258244175,-0.05425698779149,-0.00141885947435583,-0.00604679639693018,0.0135609301565864
-0.153111279210805,-0.00668050059715597,-0.163278240927767,-0.0642509878634456,0.0135609301565864,0.0194768312589133
-0.203906491691441,-0.00387541110313805,-0.057086291249675,-0.0491577167860413,-0.0673800626405097,-0.227521346207737
-0.00387541110313805,-6.08735284401973e-05,-0.00282261991557675,-0.00193283722360604,-0.00156015200758475,-0.00899533225684479
-0.057086291249675,-0.00282261991557675,-0.155796087142335,-0.0541330369419057,-0.0633826435780804,-0.237390279655969
-0.0491577167860413,-0.00193283722360604,-0.0541330369419057,-0.0397230914828128,-0.00226309526674129,-0.164976438066233
-0.0673800626405097,-0.00156015200758475,-0.0633826435780804,-0.00226309526674129,-0.0128482890993098,0.0127203969579881
-0.227521346207737,-0.00899533225684479,-0.237390279655969,-0.164976438066233,0.0127203969579881,0.0301754732312531
-0.063282445950108,-0.00950062251092731,-0.0558465995670332,-0.0115103426789886,-0.0780188247340163,-0.160969620965901
-0.00950062251092731,-3.07531777821168e-06,-0.00986865589247543,-0.000448890924431566,-0.00161066715520519,-0.00636121155750402
-0.0558465995670332,-0.00986865589247543,-0.328081295464244,-0.0152086676585839,-0.0924255061374168,-0.204583244789447
-0.0115103426789886,-0.000448890924431566,-0.0152086676585839,-0.00866264837640074,-0.0011167622382402,-0.0817300727096182
-0.0780188247340163,-0.00161066715520519,-0.0924255061374168,-0.0011167622382402,-0.0374087427701397,0.0252773690867514
-0.160969620965901,-0.00636121155750402,-0.204583244789447,-0.0817300727096182,0.0252773690867514,0.0198545513363513
0.749314088555053,0.0161143431931521,0.321554277649128,-0.016824019954953,0.0832712399034818,-0.229545915608753
0.0161143431931521,5.05484543111834e-05,0.00184486315113475,-0.000285971246682948,0.000520800069736538,-0.00460084192965837
0.321554277649128,0.00184486315113475,-0.0310469427944327,-0.0100151442694596,-0.0140086997557631,-0.129282295979749
-0.016824019954953,-0.000285971246682948,-0.0100151442694596,-0.0148101642061249,-0.00234138264332273,-0.174716835443789
0.0832712399034818,0.000520800069736538,-0.0140086997557631,-0.00234138264332273,-0.0630163254911054,0.0254608611971463
-0.229545915608753,-0.00460084192965837,-0.129282295979749,-0.174716835443789,0.0254608611971463,0.0119633636330718
-0.451970150194825,0.0475661510179748,0.583614567783997,-0.0886584028414461,-0.151084172950178,-0.264249494508206
0.0475661510179748,-3.97348820513344e-05,-0.0462820615165782,-0.00183350001847771,-0.00129675159499243,-0.00503035946231023
0.583614567783997,-0.0462820615165782,-0.537105515618919,-0.0312872894259186,-0.0485218309975721,-0.0852863668576731
-0.0886584028414461,-0.00183350001847771,-0.0312872894259186,-0.0281452194883514,-0.00430566138298616,-0.0627064788982779
-0.151084172950178,-0.00129675159499243,-0.0485218309975721,-0.00430566138298616,-0.0498054153474925,0.0368845565201781
-0.264249494508206,-0.00503035946231023,-0.0852863668576731,-0.0627064788982779,0.0368845565201781,0.0188066784367891
-0.296735036542373,-0.00429464797058188,0.0663190613536813,-0.0243559616919242,-0.154024554221976,-0.274432437885608
-0.00429464797058188,-8.81628103854837e-05,-3.42059713887011e-05,-0.000592664806120524,-0.00194332883118875,-0.00676378397734823
0.0663190613536813,-3.42059713887011e-05,-0.0534522315298602,-0.0111942455305325,-0.0622102092062704,-0.122595783524915
-0.0243559616919242,-0.000592664806120524,-0.0111942455305325,-0.0121547882869777,-0.00127743371436395,-0.102036012972206
-0.154024554221976,-0.00194332883118875,-0.0622102092062704,-0.00127743371436395,-0.0659879706432775,0.0297949998007141
-0.274432437885608,-0.00676378397734823,-0.122595783524915,-0.102036012972206,0.0297949998007141,0.0157696522506967
1.28438735202963,0.0217121043366575,0.258719590195966,-0.0753455631219424,0.0826959556388118,-0.269267352859259
0.0217121043366575,4.19553281005847e-05,0.000794775356638411,-0.000894906371229354,0.000532895949589829,-0.00349109074981868
0.258719590195966,0.000794775356638411,-0.022630552987124,-0.0187470095003306,-0.0112775622174155,-0.0647982778545497
-0.0753455631219424,-0.000894906371229354,-0.0187470095003306,-0.0367596397765624,-0.00626237950385189,-0.118701753981654
0.0826959556388118,0.000532895949589829,-0.0112775622174155,-0.00626237950385189,-0.0479971618005948,0.0308608305576996
-0.269267352859259,-0.00349109074981868,-0.0647982778545497,-0.118701753981654,0.0308608305576996,0.014414636151372
-0.0885667428285331,-0.00422028523239248,-0.028178792632616,-0.0270215905207039,-0.05710297235062,-0.233455044185149
-0.00422028523239248,-0.000155486734598753,-0.000136601840949879,-0.000832339752676603,-0.000967487201464223,-0.00672005229240824
-0.028178792632616,-0.000136601840949879,0.00810912448301337,-0.0118073439914212,-0.023957763550797,-0.0922877441134062
-0.0270215905207039,-0.000832339752676603,-0.0118073439914212,-0.0112587494882632,-0.000360211860339632,-0.0583700920930852
-0.05710297235062,-0.000967487201464223,-0.023957763550797,-0.000360211860339632,0.000589439608233988,0.00825615686927961
-0.233455044185149,-0.00672005229240824,-0.0922877441134062,-0.0583700920930852,0.00825615686927961,0.0122958310200261
0.854616921674989,0.0204727013120021,0.472799138728774,-0.0698490265627072,-0.0524080168151642,-0.302651181893765
0.0204727013120021,7.17648163117701e-05,0.00241200948103426,-0.00138323241749561,-0.000402594624304697,-0.00625388629771351
0.472799138728774,0.00241200948103426,-0.0526740762119005,-0.0440037062343634,-0.0675097810987069,-0.158076918221894
-0.0698490265627072,-0.00138323241749561,-0.0440037062343634,-0.0694563517811275,-0.0212842632407728,-0.27249976164434
-0.0524080168151642,-0.000402594624304697,-0.0675097810987069,-0.0212842632407728,-0.294424162827767,0.0522667464863957
-0.302651181893765,-0.00625388629771351,-0.158076918221894,-0.27249976164434,0.0522667464863957,0.0122065801910765
0.665907795571741,0.0150578993718398,0.129507893298353,-0.026973534517083,0.00414684397931353,-0.337403349703891
0.0150578993718398,2.46358489164322e-05,0.000315819592699995,-0.00030730418210112,7.40685290878673e-05,-0.00423565627016842
0.129507893298353,0.000315819592699995,-0.0111982867423421,-0.00487129225845706,-0.00632703334169094,-0.0622041362863257
-0.026973534517083,-0.00030730418210112,-0.00487129225845706,-0.0114267595385797,-0.00126625376850598,-0.110628550764602
0.00414684397931353,7.40685290878673e-05,-0.00632703334169094,-0.00126625376850598,-0.0196740845836985,0.0184579629358694
-0.337403349703891,-0.00423565627016842,-0.0622041362863257,-0.110628550764602,0.0184579629358694,0.00831457125372026
-0.475057704285575,-0.00529177812680359,-0.00442522130050804,-0.0160607971366744,-0.112170439603432,-0.244230974333348
-0.00529177812680359,-8.25117751901416e-05,0.000444011494238339,-0.000401068067645838,-0.00161942126375436,-0.00611671824302107
-0.00442522130050804,0.000444011494238339,-0.0476090722401068,-0.00827191648511416,-0.0505807895567756,-0.124113674893067
-0.0160607971366744,-0.000401068067645838,-0.00827191648511416,-0.00729901694640489,-0.00076786910163662,-0.0746294415154836
-0.112170439603432,-0.00161942126375436,-0.0505807895567756,-0.00076786910163662,-0.0264914201686395,0.0205150951781974
-0.244230974333348,-0.00611671824302107,-0.124113674893067,-0.0746294415154836,0.0205150951781974,0.0152406975928443
-0.620641926740717,0.000903405128482859,0.284304230158128,-0.236341518577987,-0.124065119289085,-0.461067395374215
0.000903405128482859,-6.21058759975313e-05,0.00012106426972025,-0.00384238196815545,-0.00116938125849231,-0.00722765736149711
0.284304230158128,0.00012106426972025,-0.0713036851784921,-0.06807799324271,-0.0329961724609973,-0.113735731943621
-0.236341518577987,-0.00384238196815545,-0.06807799324271,-0.0947453004940257,-0.00878717654195782,-0.148001128019715
-0.124065119289085,-0.00116938125849231,-0.0329961724609973,-0.00878717654195782,-0.0227707186439829,0.0212960482581792
-0.461067395374215,-0.00722765736149711,-0.113735731943621,-0.148001128019715,0.0212960482581792,0.0224708029961107
-0.202150685080227,0.00413484801953246,0.312875059194084,-0.0300195535096748,-0.0880524708701813,-0.337502814584667
0.00413484801953246,2.8332891588434e-05,0.0020533741373896,-0.000790417731266757,-0.00119025345135526,-0.00913901176957665
0.312875059194084,0.0020533741373896,-0.0603236349761005,-0.0265008903710395,-0.0680615508397153,-0.253521287296721
-0.0300195535096748,-0.000790417731266757,-0.0265008903710395,-0.0327884719375504,-0.00486620188588915,-0.321343585074629
-0.0880524708701813,-0.00119025345135526,-0.0680615508397153,-0.00486620188588915,-0.0987461667989464,0.0197914740152072
-0.337502814584667,-0.00913901176957665,-0.253521287296721,-0.321343585074629,0.0197914740152072,0.0153517643042278
-0.246134390646802,-0.00217815765424234,0.237640024325358,-0.054189763787349,-0.16233632216256,-0.201592603721323
-0.00217815765424234,-4.74953409934642e-05,0.000408822975472845,-0.00157970858616352,-0.00175862102658186,-0.00591550697315313
0.237640024325358,0.000408822975472845,-0.1230899160376,-0.0371907393770243,-0.125327970224021,-0.167738040124377
-0.054189763787349,-0.00157970858616352,-0.0371907393770243,-0.0300905744765601,-0.00734358684972847,-0.0931321963992815
-0.16233632216256,-0.00175862102658186,-0.125327970224021,-0.00734358684972847,-0.152979229284256,0.0706811276174335
-0.201592603721323,-0.00591550697315313,-0.167738040124377,-0.0931321963992815,0.0706811276174335,0.0225357177363605
-0.496076202338713,-0.00719573844953914,-0.125685550855792,-0.0948069955875042,-0.0902213526110529,-0.195953264725546
-0.00719573844953914,-0.000107125419646081,-0.00296903612806432,-0.00356614182628334,-0.00132368560556984,-0.0071457062489344
-0.125685550855792,-0.00296903612806432,-0.148034995373081,-0.0759703355779351,-0.0627187857205058,-0.143261030816078
-0.0948069955875042,-0.00356614182628334,-0.0759703355779351,-0.0618080697734058,-0.00434193792031579,-0.106181319292631
-0.0902213526110529,-0.00132368560556984,-0.0627187857205058,-0.00434193792031579,-0.0281243472954884,0.0222867724275488
-0.195953264725546,-0.0071457062489344,-0.143261030816078,-0.106181319292631,0.0222867724275488,0.0277491363220861
-1.36671199912897,-0.0435690372668773,-1.12152540032717,-0.174417474907429,-0.0681972978089362,-0.32876413813554
-0.0435690372668773,-8.79518680108049e-05,-0.0418763967946489,-0.00412955780682012,-0.00121417875753593,-0.00766502417093307
-1.12152540032717,-0.0418763967946489,-1.20259439073678,-0.093083074581557,-0.0338588379555915,-0.155933410628251
-0.174417474907429,-0.00412955780682012,-0.093083074581557,-0.046088233229824,-0.00452854420629478,-0.1091451817814
-0.0681972978089362,-0.00121417875753593,-0.0338588379555915,-0.00452854420629478,-0.00699698077255562,0.0124439347715111
-0.32876413813554,-0.00766502417093307,-0.155933410628251,-0.1091451817814,0.0124439347715111,0.0341090933275723
0.787037213179076,0.0186180959538262,0.182553944183539,-0.0732060245756117,-0.0110781717133079,-0.346293144160015
0.0186180959538262,3.16635606623095e-05,0.000370670161231601,-0.00091578411520743,4.2543746303636e-05,-0.00457222593119866
0.182553944183539,0.000370670161231601,-0.0190321203241695,-0.0143446532430147,-0.0116332721233903,-0.0653495813018878
-0.0732060245756117,-0.00091578411520743,-0.0143446532430147,-0.03228395328847,-0.00411933265276332,-0.123136678631397
-0.0110781717133079,4.2543746303636e-05,-0.0116332721233903,-0.00411933265276332,-0.0292311952421187,0.0225542973186776
-0.346293144160015,-0.00457222593119866,-0.0653495813018878,-0.123136678631397,0.0225542973186776,0.0103541286655684
-0.406877576075715,-0.00675606237621196,-0.0453963200364171,-0.115375614617719,-0.0715410508611569,-0.220349244406393
-0.00675606237621196,-0.000119337872916958,-0.0026327107160995,-0.00380243059261431,-0.0011994072401933,-0.00736100069786971
-0.0453963200364171,-0.0026327107160995,-0.130330868319817,-0.0666241117830424,-0.045498926848353,-0.141770550854403
-0.115375614617719,-0.00380243059261431,-0.0666241117830424,-0.0163177915624146,-0.00369527186627749,-0.0989295867448448
-0.0715410508611569,-0.0011994072401933,-0.045498926848353,-0.00369527186627749,-0.00765103536082279,0.0140541134285854
-0.220349244406393,-0.00736100069786971,-0.141770550854403,-0.0989295867448448,0.0140541134285854,0.0325678706225574
-0.0875692962587493,-0.00110375042439159,0.086768980889218,-0.042358944130072,-0.136238381687193,-0.13096398410184
-0.00110375042439159,-7.71716024416946e-05,-0.00080022655168932,-0.00170094494045259,-0.00185079729320137,-0.0049146298142233
0.086768980889218,-0.00080022655168932,-0.0973585878583094,-0.0373297837086284,-0.0959314572224201,-0.106651681930359
-0.042358944130072,-0.00170094494045259,-0.0373297837086284,-0.0176840320165184,-0.00300125480023894,-0.0439236869098636
-0.136238381687193,-0.00185079729320137,-0.0959314572224201,-0.00300125480023894,-0.124395405087796,0.0662270072115945
-0.13096398410184,-0.0049146298142233,-0.106651681930359,-0.0439236869098636,0.0662270072115945,0.012357503909044
0.59017547515694,0.0183078052717889,0.372492919842315,-0.05968137650747,-0.14879259491174,-0.321418525128792
0.0183078052717889,6.19393425438375e-05,0.00156232804471301,-0.00105014330564757,-0.000915062470241423,-0.00607037198285809
0.372492919842315,0.00156232804471301,-0.0381155218498463,-0.025264773606537,-0.0680247191908734,-0.122753790465779
-0.05968137650747,-0.00105014330564757,-0.025264773606537,-0.0392250232295055,-0.0120528753644322,-0.187387050321064
-0.14879259491174,-0.000915062470241423,-0.0680247191908734,-0.0120528753644322,-0.290329948970935,0.0663688770607962
-0.321418525128792,-0.00607037198285809,-0.122753790465779,-0.187387050321064,0.0663688770607962,0.0119534049325409
0.886646445152905,0.0163750013548736,0.222993279397343,-0.0168448144322042,0.087856022457089,-0.237353731113998
0.0163750013548736,4.00457444982294e-05,0.00103344000024208,-0.000219924078947997,0.000552990986335544,-0.00376607633967296
0.222993279397343,0.00103344000024208,-0.0183746684534469,-0.00586614090636317,-0.00745167816340597,-0.0865859772769539
-0.0168448144322042,-0.000219924078947997,-0.00586614090636317,-0.00945550304720655,-0.0014647727475392,-0.116343673584041
0.087856022457089,0.000552990986335544,-0.00745167816340597,-0.0014647727475392,-0.0381176645802839,0.0252519782861782
-0.237353731113998,-0.00376607633967296,-0.0865859772769539,-0.116343673584041,0.0252519782861782,0.0117372334074162
-0.030643942938724,0.00166973102011525,0.130011351684445,-0.0082993611982829,-0.085524815007787,-0.244783904257417
0.00166973102011525,2.88657986402541e-06,0.000751781970009802,-0.000294458901706207,-0.00177280967683657,-0.00905330810319072
0.130011351684445,0.000751781970009802,-0.071545158686348,-0.00941835498480259,-0.0828299984156899,-0.266721372765844
-0.0082993611982829,-0.000294458901706207,-0.00941835498480259,-0.00804032396217735,-0.000510874675896389,-0.198604022116911
-0.085524815007787,-0.00177280967683657,-0.0828299984156899,-0.000510874675896389,-0.0312957326720209,0.0167660385574919
-0.244783904257417,-0.00905330810319072,-0.266721372765844,-0.198604022116911,0.0167660385574919,0.0252305398795727
-0.15228238670062,-7.93365373397137e-05,0.233239388913731,-0.0657156939976034,-0.106174702363404,-0.170258623866104
-7.93365373397137e-05,-2.79998246810464e-05,-0.000130861987912567,-0.00226616503340438,-0.00131845645512385,-0.00565380520178849
0.233239388913731,-0.000130861987912567,-0.210998718497279,-0.0770106478586996,-0.114829135089423,-0.182410203608541
-0.0657156939976034,-0.00226616503340438,-0.0770106478586996,-0.042070624761692,-0.00716774417597321,-0.0861209215052838
-0.106174702363404,-0.00131845645512385,-0.114829135089423,-0.00716774417597321,-0.076382589142554,0.0502346719777336
-0.170258623866104,-0.00565380520178849,-0.182410203608541,-0.0861209215052838,0.0502346719777336,0.0272544431467736
-0.193686444660557,0.00812873657274338,0.393091847961102,-0.119423643196725,-0.512731729296334,-0.401894256762958
0.00812873657274338,6.90558721316847e-06,0.00111144426995224,-0.00179301573588475,-0.00299539282266892,-0.00652898846098537
0.393091847961102,0.00111144426995224,-0.0510049447122185,-0.0315391213145944,-0.0878316863683892,-0.0997729066032349
-0.119423643196725,-0.00179301573588475,-0.0315391213145944,-0.0305931391331171,-0.0166971769743895,-0.15261781838305
-0.512731729296334,-0.00299539282266892,-0.0878316863683892,-0.0166971769743895,-0.503248898109376,0.127861815579777
-0.401894256762958,-0.00652898846098537,-0.0997729066032349,-0.15261781838305,0.127861815579777,0.01512598934994
0.350645934510396,0.0157107438170101,0.586272974612001,-0.195793953272627,-0.245648779095831,-0.434617491995581
0.0157107438170101,4.51971793324901e-05,0.00166829328129836,-0.00394664856351312,-0.00163132840569347,-0.00862613869223594
0.586272974612001,0.00166829328129836,-0.0976062897173335,-0.11218951878611,-0.105984315768026,-0.192220267480891
-0.195793953272627,-0.00394664856351312,-0.11218951878611,-0.115871789940769,-0.0531053756525068,-0.291971125054857
-0.245648779095831,-0.00163132840569347,-0.105984315768026,-0.0531053756525068,-0.302974978438897,0.0606872330166652
-0.434617491995581,-0.00862613869223594,-0.192220267480891,-0.291971125054857,0.0606872330166652,0.0229059993195335
0.62411765755499,0.0176748060631837,0.284367324132617,-0.077197903625148,-0.0155783053124026,-0.323550763958735
0.0176748060631837,3.83026943495679e-05,0.000737476746337506,-0.00120962129201985,-0.000108379971663908,-0.0053733462124228
0.284367324132617,0.000737476746337506,-0.0306822789397643,-0.0252752485607743,-0.0194792182384163,-0.0978716607757946
-0.077197903625148,-0.00120962129201985,-0.0252752485607743,-0.0441456649014071,-0.00599290617131487,-0.151073525911372
-0.0155783053124026,-0.000108379971663908,-0.0194792182384163,-0.00599290617131487,-0.0394163479633391,0.0229282537400621
-0.323550763958735,-0.0053733462124228,-0.0978716607757946,-0.151073525911372,0.0229282537400621,0.0120925491842172
1.30954401766914,0.0213506157198395,0.142393319357836,-0.0272280198387875,-0.0729172389135613,-0.484494128150104
0.0213506157198395,4.49640324973188e-05,0.000468453054125462,-0.000260341748159476,-0.000159922075582131,-0.00490494866944857
0.142393319357836,0.000468453054125462,-0.0081528894746441,-0.00418547418945536,-0.025728291719318,-0.0701960489735143
-0.0272280198387875,-0.000260341748159476,-0.00418547418945536,-0.0161707203183425,-0.00341073280729631,-0.262346738777453
-0.0729172389135613,-0.000159922075582131,-0.025728291719318,-0.00341073280729631,-0.251341725210352,0.0409112743682272
-0.484494128150104,-0.00490494866944857,-0.0701960489735143,-0.262346738777453,0.0409112743682272,0.0067962080407824
-0.055705973167619,-0.00146762046959736,0.0210449768722754,-0.0119711629498198,-0.0531508059786745,-0.207869771395863
-0.00146762046959736,-6.59250432022418e-05,-0.00105931929894609,-0.0004990674540295,-0.00114231402115195,-0.00825928769820905
0.0210449768722754,-0.00105931929894609,-0.0538944888717197,-0.0113005937940613,-0.0485416651319071,-0.185808868291559
-0.0119711629498198,-0.0004990674540295,-0.0113005937940613,-0.00726591009581057,-0.000247379894346977,-0.0854563586560886
-0.0531508059786745,-0.00114231402115195,-0.0485416651319071,-0.000247379894346977,-0.00456356064049146,0.0103664576922569
-0.207869771395863,-0.00825928769820905,-0.185808868291559,-0.0854563586560886,0.0103664576922569,0.0152547641185663
-0.179893200336068,-0.0018579582317102,0.281506784549634,-0.0910447772728418,-0.163983637779808,-0.190941890076957
-0.0018579582317102,-5.03375119365046e-05,0.000114697140674025,-0.00256126786446487,-0.000989425208430816,-0.00519650988906051
0.281506784549634,0.000114697140674025,-0.157178858817275,-0.079574824507489,-0.121929399909959,-0.150446649582747
-0.0910447772728418,-0.00256126786446487,-0.079574824507489,-0.0473903249975649,-0.0114800002837256,-0.0873800032330507
-0.163983637779808,-0.000989425208430816,-0.121929399909959,-0.0114800002837256,-0.15270846809301,0.088109219920085
-0.190941890076957,-0.00519650988906051,-0.150446649582747,-0.0873800032330507,0.088109219920085,0.0256942800369586
-0.481501871707479,-0.000143057787838075,0.24380231722354,-0.0461518268046746,-0.205216882376291,-0.245576847746065
-0.000143057787838075,-1.36557432028894e-05,0.00102870489904205,-0.000974409442022761,-0.00184915416312492,-0.00556318879851858
0.24380231722354,0.00102870489904205,-0.0653632703517815,-0.0225883145521522,-0.0916204501155704,-0.121789500706626
-0.0461518268046746,-0.000974409442022761,-0.0225883145521522,-0.0179373516040471,-0.00517879072958749,-0.0822974466352377
-0.205216882376291,-0.00184915416312492,-0.0916204501155704,-0.00517879072958749,-0.171617353661446,0.0683539003176747
-0.245576847746065,-0.00556318879851858,-0.121789500706626,-0.0822974466352377,0.0683539003176747,0.0176568648591058
1.18131003867816,0.0186251125633419,0.201604427596536,-0.050635451387393,0.123517523986649,-0.284673024042448
0.0186251125633419,3.64708263589364e-05,0.000687105927710263,-0.000574190694990762,0.000721611659315613,-0.00363146734905229
0.201604427596536,0.000687105927710263,-0.0162884039589528,-0.0128819233058408,-0.00484625117813664,-0.072693606689711
-0.050635451387393,-0.000574190694990762,-0.0128819233058408,-0.0302286085052117,-0.00376819131453487,-0.149914758384995
0.123517523986649,0.000721611659315613,-0.00484625117813664,-0.00376819131453487,-0.031505653641517,0.0235506780743577
-0.284673024042448,-0.00363146734905229,-0.072693606689711,-0.149914758384995,0.0235506780743577,0.0113264286838444
-0.467417671234927,0.00581041881275723,0.0468568073230813,-0.0362363306027902,-0.168336694583715,-0.251647958027235
0.00581041881275723,-9.75997060947975e-05,0.000103156372333046,-0.000517735854188572,-0.00165377711525139,-0.00568931568523112
0.0468568073230813,0.000103156372333046,-0.0372316732999423,-0.0231347940804483,-0.0480111062017841,-0.0809248834610088
-0.0362363306027902,-0.000517735854188572,-0.0231347940804483,-0.00853800363742607,-0.00108877906690452,-0.0838214830878314
-0.168336694583715,-0.00165377711525139,-0.0480111062017841,-0.00108877906690452,-0.0644046038722479,0.0306934533345071
-0.251647958027235,-0.00568931568523112,-0.0809248834610088,-0.0838214830878314,0.0306934533345071,0.0133991262529776
0.036246872170409,0.000754896145593875,0.22233646590486,-0.0291956514519853,-0.0657250975866219,-0.159718294145961
0.000754896145593875,-1.82409642945913e-05,0.000239491759757016,-0.00120290444272086,-0.00144503298216136,-0.00614839290591362
0.22233646590486,0.000239491759757016,-0.0296867974647341,-0.0370154018547453,-0.0747987061178179,-0.189417809215442
-0.0291956514519853,-0.00120290444272086,-0.0370154018547453,-0.0205408801079443,-0.00196301863653048,-0.0720055848280055
-0.0657250975866219,-0.00144503298216136,-0.0747987061178179,-0.00196301863653048,-0.0193937754744411,0.0206062555907494
-0.159718294145961,-0.00614839290591362,-0.189417809215442,-0.0720055848280055,0.0206062555907494,0.0221137108624703
-0.209233519399277,-0.000338995498339045,0.0440343761454187,0.00951013157113323,-0.153790330470471,-0.219440521309622
-0.000338995498339045,-0.000224187335362558,0.00236375918838405,-0.000314009929169856,-0.00143551837084033,-0.00554621903958719
0.0440343761454187,0.00236375918838405,-0.038186964701481,-0.00395767862926277,-0.0505971098352376,-0.0803957789230481
0.00951013157113323,-0.000314009929169856,-0.00395767862926277,-0.00400824928803445,-0.000482625051034802,-0.0490593232704839
-0.153790330470471,-0.00143551837084033,-0.0505971098352376,-0.000482625051034802,-0.0590079096696172,0.0270363620380465
-0.219440521309622,-0.00554621903958719,-0.0803957789230481,-0.0490593232704839,0.0270363620380465,0.0117481691042087
-0.130839883372147,-0.00204537498049717,0.0414957512795411,-0.089005686154664,-0.0474974282127505,-0.209653855387515
-0.00204537498049717,-0.000149535939186762,-0.000788924481298636,-0.00287442292190576,-0.000706329439381648,-0.00634086116946264
0.0414957512795411,-0.000788924481298636,-0.0709849068414314,-0.0463733218492024,-0.026124724605836,-0.100764580013291
-0.089005686154664,-0.00287442292190576,-0.0463733218492024,-0.0353142737274936,-0.000867717009356284,-0.0571561242779239
-0.0474974282127505,-0.000706329439381648,-0.026124724605836,-0.000867717009356284,0.00233683072892177,0.00793792809261618
-0.209653855387515,-0.00634086116946264,-0.100764580013291,-0.0571561242779239,0.00793792809261618,0.014652057345188
-0.162276703186137,-0.000917049769455502,0.0920790665936977,-0.0171096192769227,-0.114018239294467,-0.221773838182671
-0.000917049769455502,-4.14557277395033e-05,0.000125821575380769,-0.000489719376162157,-0.00174908421080033,-0.0063026139862643
0.0920790665936977,0.000125821575380769,-0.066536043341614,-0.0110710884904108,-0.0647181364055172,-0.139423622647072
-0.0171096192769227,-0.000489719376162157,-0.0110710884904108,-0.0244909648117186,-0.00101337271907198,-0.0717240433711908
-0.114018239294467,-0.00174908421080033,-0.0647181364055172,-0.00101337271907198,-0.0379430042940498,0.0246264231229532
-0.221773838182671,-0.0063026139862643,-0.139423622647072,-0.0717240433711908,0.0246264231229532,0.0165424562936778
-0.0846917314056839,-0.000189953608398241,0.108467129722456,-0.04310343193481,-0.0606446393103255,-0.133860089679416
-0.000189953608398241,-9.72555369571637e-05,0.000328143068273334,-0.00213782880287283,-0.00125416343976781,-0.00574325031976741
0.108467129722456,0.000328143068273334,-0.153546764192214,-0.0545138989505034,-0.0658019805310772,-0.151110024493306
-0.04310343193481,-0.00213782880287283,-0.0545138989505034,-0.0331002558695559,-0.00228880248087648,-0.0649482467807161
-0.0606446393103255,-0.00125416343976781,-0.0658019805310772,-0.00228880248087648,-0.0122302501459615,0.0181842374491481
-0.133860089679416,-0.00574325031976741,-0.151110024493306,-0.0649482467807161,0.0181842374491481,0.0227088792215113
0.385698661897749,0.0158908941561009,0.193399213310741,-0.134466293655322,-0.0885100881475864,-0.428349627989988
0.0158908941561009,1.46216372343133e-05,0.000174538161701321,-0.00178694281594005,-0.000486677365074684,-0.00578479486534889
0.193399213310741,0.000174538161701321,-0.0274384737153355,-0.0263332911032421,-0.0179891324059156,-0.0755751683456651
-0.134466293655322,-0.00178694281594005,-0.0263332911032421,-0.0600292482388909,-0.00635447250374455,-0.152613138793001
-0.0885100881475864,-0.000486677365074684,-0.0179891324059156,-0.00635447250374455,-0.0287796564357734,0.0206106243183513
-0.428349627989988,-0.00578479486534889,-0.0755751683456651,-0.152613138793001,0.0206106243183513,0.0116117004900218
-0.0631550034491113,0.0143162093291238,-0.706071262568386,-0.0359695495610879,-0.0782043263480858,-0.135212163687726
0.0143162093291238,-2.08610906327067e-05,0.079114598205976,-0.00165460423140473,-0.00155198631723863,-0.00587846993305163
-0.706071262568386,0.079114598205976,-0.348881323830597,-0.0622691731511082,-0.123526899820092,-0.216001438957392
-0.0359695495610879,-0.00165460423140473,-0.0622691731511082,-0.0294860247329609,-0.0040903558318206,-0.0783108522472986
-0.0782043263480858,-0.00155198631723863,-0.123526899820092,-0.0040903558318206,-0.0523835308463561,0.0366089714098905
-0.135212163687726,-0.00587846993305163,-0.216001438957392,-0.0783108522472986,0.0366089714098905,0.0260931387607855
1.06754308726309,0.0533192157092799,1.03934391648686,-0.138144201633494,0.0557281776281116,-0.320437254508477
0.0533192157092799,5.76094727477994e-05,0.00103304587106834,-0.00188608018092395,0.000403471700494151,-0.00437911928941048
1.03934391648686,0.00103304587106834,-0.031196911720599,-0.0468641070394682,-0.0302222524783957,-0.0876080208378482
-0.138144201633494,-0.00188608018092395,-0.0468641070394682,-0.108322439906772,-0.0277037059959184,-0.236987185431303
0.0557281776281116,0.000403471700494151,-0.0302222524783957,-0.0277037059959184,-0.178121317695457,0.0430503965809237
-0.320437254508477,-0.00437911928941048,-0.0876080208378482,-0.236987185431303,0.0430503965809237,0.0145981005061913
-0.179420966972543,0.0058531846036658,0.15249925766625,-0.0135579436566502,-0.0940489131018296,-0.344783263050985
0.0058531846036658,-5.55111512312578e-07,0.00058340554609515,-0.000203481675953299,-0.000767386154620908,-0.00533282862313911
0.15249925766625,0.00058340554609515,-0.0154975698940518,-0.0029355462505265,-0.0159034396762792,-0.0718454018500125
-0.0135579436566502,-0.000203481675953299,-0.0029355462505265,-0.00502734520679837,-0.000521038767686832,-0.0856865467468992
-0.0940489131018296,-0.000767386154620908,-0.0159034396762792,-0.000521038767686832,-0.0191637705704295,0.0165549796093956
-0.344783263050985,-0.00533282862313911,-0.0718454018500125,-0.0856865467468992,0.0165549796093956,0.00990059145777877
-0.545886025271614,-0.000760252971687692,0.185476412006835,-0.0772134078896869,-0.0974394842589987,-0.375704595212412
-0.000760252971687692,-4.38982183936787e-05,0.000439864811241364,-0.00128560495582519,-0.000998451321621019,-0.00603311289815167
0.185476412006835,0.000439864811241364,-0.0374276609704793,-0.0199144312151844,-0.0207711736699423,-0.0872593108880437
-0.0772134078896869,-0.00128560495582519,-0.0199144312151844,-0.0288267631987082,-0.00235841346452048,-0.0934710697730878
-0.0974394842589987,-0.000998451321621019,-0.0207711736699423,-0.00235841346452048,-0.0144321110617796,0.0159631419194284
-0.375704595212412,-0.00603311289815167,-0.0872593108880437,-0.0934710697730878,0.0159631419194284,0.0144913303579131
-0.493648733002061,0.000362104790596618,0.201381178399629,-0.0638551933551668,-0.178487902235958,-0.367771219034196
0.000362104790596618,-3.45834472170736e-05,0.0007201683693836,-0.00108059117209791,-0.0014100665080008,-0.0061905147674679
0.201381178399629,0.0007201683693836,-0.0375939501751077,-0.0171982206254029,-0.0427212598630433,-0.0899667118581249
-0.0638551933551668,-0.00108059117209791,-0.0171982206254029,-0.02474845883782,-0.00336463634731388,-0.10428118923933
-0.178487902235958,-0.0014100665080008,-0.0427212598630433,-0.00336463634731388,-0.0643960218482675,0.0320872828307728
-0.367771219034196,-0.0061905147674679,-0.0899667118581249,-0.10428118923933,0.0320872828307728,0.0142832079497168
0.377556452768602,0.0182435400120085,0.238206571134825,-0.111567499683218,-0.0318167769908229,-0.384498227701258
0.0182435400120085,2.17048601314218e-05,0.000372979425122821,-0.00161054503067248,-0.000242922348903107,-0.00568630142971926
0.238206571134825,0.000372979425122821,-0.0319127169134958,-0.0301434599503381,-0.013475337512503,-0.0936424660036295
-0.111567499683218,-0.00161054503067248,-0.0301434599503381,-0.0598334715107285,-0.0059902249827104,-0.163317481760572
-0.0318167769908229,-0.000242922348903107,-0.013475337512503,-0.0059902249827104,-0.021819113182886,0.0168796865374077
-0.384498227701258,-0.00568630142971926,-0.0936424660036295,-0.163317481760572,0.0168796865374077,0.0114283249530445
2.13220312517137,0.0288449569785243,0.38704134341927,-0.101517425021846,0.108871572868097,-0.202319480613333
0.0288449569785243,6.84452494681409e-05,0.0013221646000261,-0.00149605605681558,0.000897454333070868,-0.00314304138271382
0.38704134341927,0.0013221646000261,-0.026306506972773,-0.0382381820651645,-0.0266144689620162,-0.0627712132272862
-0.101517425021846,-0.00149605605681558,-0.0382381820651645,-0.0836839819662316,-0.026522101181925,-0.174550279785635
0.108871572868097,0.000897454333070868,-0.0266144689620162,-0.026522101181925,-0.228406404900738,0.0677019940109602
-0.202319480613333,-0.00314304138271382,-0.0627712132272862,-0.174550279785635,0.0677019940109602,0.0205727324065208
-0.402084854300711,-0.00305829250812906,-0.0790828236230112,-0.191427035334257,-0.166403391066439,-0.34654812908208
-0.00305829250812906,-7.91033905045424e-05,-0.00015244472351128,-0.00436435887429809,-0.00177621251040705,-0.00790686405238716
-0.0790828236230112,-0.00015244472351128,-0.134922306660457,-0.128265353893653,-0.08912881543921,-0.191518606529328
-0.191427035334257,-0.00436435887429809,-0.128265353893653,-0.137410027800655,-0.0151597623343491,-0.152104312478585
-0.166403391066439,-0.00177621251040705,-0.08912881543921,-0.0151597623343491,-0.0881261730256711,0.0455045445768576
-0.34654812908208,-0.00790686405238716,-0.191518606529328,-0.152104312478585,0.0455045445768576,0.0316725312643484
-0.0585443582501455,0.00058313909256924,0.092262442130675,-0.0122070020758258,-0.0981831116408927,-0.140658962255458
0.00058313909256924,-1.49102952207159e-05,0.00013479217741974,-0.000623295859369932,-0.00200245930948029,-0.00658577636869495
0.092262442130675,0.00013479217741974,-0.0947296574516088,-0.0153823620507865,-0.100005886904952,-0.163816865628164
-0.0122070020758258,-0.000623295859369932,-0.0153823620507865,-0.00999018645586602,-0.00114465659173391,-0.0751991469094548
-0.0981831116408927,-0.00200245930948029,-0.100005886904952,-0.00114465659173391,-0.0588392001787952,0.0302184222089608
-0.140658962255458,-0.00658577636869495,-0.163816865628164,-0.0751991469094548,0.0302184222089608,0.0182567405637712
-0.216631146354729,-0.00318437498592061,-0.0889112561353045,-0.0844531111710012,-0.0394723698171617,-0.193143795401696
-0.00318437498592061,-0.00023063773113563,0.000591909854463779,-0.00272059597072882,-0.000490091300875406,-0.00616179884893597
-0.0889112561353045,0.000591909854463779,-0.0865731597521346,-0.0458144411297212,-0.0240695574582617,-0.0985428794120224
-0.0844531111710012,-0.00272059597072882,-0.0458144411297212,-0.0312219916587253,-0.000496536145533355,-0.0551383327884736
-0.0394723698171617,-0.000490091300875406,-0.0240695574582617,-0.000496536145533355,0.00481948925212805,0.00579525316624085
-0.193143795401696,-0.00616179884893597,-0.0985428794120224,-0.0551383327884736,0.00579525316624085,0.0125993326882679
-0.124470955764622,0.00508226793982658,0.292845325766677,-0.020674723044678,-0.0496114205272846,-0.232749647333108
0.00508226793982658,2.21933582622569e-05,0.00151338941378754,-0.000497718533054581,-0.00071537220591722,-0.00602731753396313
0.292845325766677,0.00151338941378754,-0.0436461311537073,-0.0135244315746519,-0.0318694293177657,-0.142193784524736
-0.020674723044678,-0.000497718533054581,-0.0135244315746519,-0.0128772326135618,-0.00182106552060191,-0.105357023105768
-0.0496114205272846,-0.00071537220591722,-0.0318694293177657,-0.00182106552060191,-0.0333623684234396,0.0208303208015792
-0.232749647333108,-0.00602731753396313,-0.142193784524736,-0.105357023105768,0.0208303208015792,0.0151880508170166
-0.108924058661586,-8.75688410673092e-05,-0.142106848510792,-0.0426159552091576,-0.0910680197918623,-0.133280775305167
-8.75688410673092e-05,-5.38236122338276e-05,-0.000238992159395934,-0.00174751324522049,-0.000967464997003731,-0.00492280105568454
-0.142106848510792,-0.000238992159395934,-0.0999802685086593,-0.0360701912782702,-0.0656742882299,-0.101247277228822
-0.0426159552091576,-0.00174751324522049,-0.0360701912782702,-0.0188276505497242,-0.00254247178865796,-0.041884246071433
-0.0910680197918623,-0.000967464997003731,-0.0656742882299,-0.00254247178865796,-0.0733983318568221,0.038491876352964
-0.133280775305167,-0.00492280105568454,-0.101247277228822,-0.041884246071433,0.038491876352964,0.0144189438167075
-0.19262214046023,-0.00407917588596263,0.116334147870489,-0.040653108657196,-0.0945372502503261,-0.228707369709369
-0.00407917588596263,-0.000223510099317537,0.00179014025825097,-0.00107476250121863,-0.00110885189918974,-0.00553790902024787
0.116334147870489,0.00179014025825097,-0.041522796312421,-0.0140347955479569,-0.0304245739712883,-0.0741072370136209
-0.040653108657196,-0.00107476250121863,-0.0140347955479569,-0.0146890499763686,-0.00110998987778999,-0.0526262089461937
-0.0945372502503261,-0.00110885189918974,-0.0304245739712883,-0.00110998987778999,-0.00932089960770099,0.0156227142333876
-0.228707369709369,-0.00553790902024787,-0.0741072370136209,-0.0526262089461937,0.0156227142333876,0.0146139544909829
-0.785677156667219,-0.00784938780640232,-0.0403737598908549,-0.0332348260023707,-0.255435922413838,-0.225858121094547
-0.00784938780640232,-0.000142164058303251,-0.000769623254015528,-0.000940797439952235,-0.00347276651879724,-0.0066040561907954
-0.0403737598908549,-0.000769623254015528,-0.0526748089590967,-0.014195933317751,-0.0805613797894011,-0.0879482819904354
-0.0332348260023707,-0.000940797439952235,-0.014195933317751,-0.0175320313822169,-0.0023498480938855,-0.0995581450613514
-0.255435922413838,-0.00347276651879724,-0.0805613797894011,-0.0023498480938855,-0.226064200692377,0.0631186103383641
-0.225858121094547,-0.0066040561907954,-0.0879482819904354,-0.0995581450613514,0.0631186103383641,0.0141480160920082
-0.189897764180103,-0.00231205055101213,0.0394853039153986,-0.0485349815892988,-0.173425740435107,-0.159812313382801
-0.00231205055101213,-0.000106104014463426,-0.000134103839144473,-0.00173419056892499,-0.00225683915999753,-0.00542292322158744
0.0394853039153986,-0.000134103839144473,-0.0793816123945135,-0.0305372060971365,-0.0818626944010248,-0.0904757158082248
-0.0485349815892988,-0.00173419056892499,-0.0305372060971365,-0.0227421748100198,-0.00347586404103595,-0.0578674663742618
-0.173425740435107,-0.00225683915999753,-0.0818626944010248,-0.00347586404103595,-0.151521084568174,0.0644438558072835
-0.159812313382801,-0.00542292322158744,-0.0904757158082248,-0.0578674663742618,0.0644438558072835,0.0134611211066726
-0.158901269919909,-0.00141668343722756,-0.795718041457505,-0.0486837514745986,-0.128678112609748,-0.157332408212696
-0.00141668343722756,-5.71209746169643e-05,-0.0464389804388787,-0.00192841298485291,-0.00162875268827634,-0.00587578874444716
-0.795718041457505,-0.0464389804388787,-0.0928654597665002,-0.0376529030177153,-0.076744754995417,-0.110230002903222
-0.0486837514745986,-0.00192841298485291,-0.0376529030177153,-0.0306769720737066,-0.00367453845129262,-0.0749479478479032
-0.128678112609748,-0.00162875268827634,-0.076744754995417,-0.00367453845129262,-0.105437769626349,0.0455306070623607
-0.157332408212696,-0.00587578874444716,-0.110230002903222,-0.0749479478479032,0.0455306070623607,0.0178492998159641
-0.146746759188687,-0.00159054436288386,-0.00179123937904535,-0.00541983125046386,-0.0642629394143057,-0.210063050287701
-0.00159054436288386,-3.87689880199105e-05,-0.000621708240444718,-0.000193067783982315,-0.00129604660337179,-0.0069929673163216
-0.00179123937904535,-0.000621708240444718,-0.0480916306777601,-0.00374240638478796,-0.035742325765753,-0.135510674903472
-0.00541983125046386,-0.000193067783982315,-0.00374240638478796,-0.00357341933820976,-0.000173078218423939,-0.0836488267541569
-0.0642629394143057,-0.00129604660337179,-0.035742325765753,-0.000173078218423939,-0.00730306926044477,0.010668399497149
-0.210063050287701,-0.0069929673163216,-0.135510674903472,-0.0836488267541569,0.010668399497149,0.0153487333953706
-0.0569365221636531,0.0349556772416548,0.0523647847305853,-0.0271515643301967,-0.264160299190408,-0.37257223972631
0.0349556772416548,2.97206703692154e-05,0.00108010267396708,-0.000423089341339278,-0.0016779522216126,-0.00611224404423183
0.0523647847305853,0.00108010267396708,-0.0251210718893446,-0.00713549219710785,-0.059167498678292,-0.0913621345244309
-0.0271515643301967,-0.000423089341339278,-0.00713549219710785,-0.0127766464075307,-0.00325841575943286,-0.143616013525971
-0.264160299190408,-0.0016779522216126,-0.059167498678292,-0.00325841575943286,-0.263926658305991,0.0633373520297908
-0.37257223972631,-0.00611224404423183,-0.0913621345244309,-0.143616013525971,0.0633373520297908,0.0106009090394821
