"f","e","d","tau_q","tau_s","v_s","u0"
1.2326202,0.9919593,483.1274,4.990146,928.1832,0.8418907,1.60003664335762
0.9757614,1.0030982,308.8972,4.942811,779.0231,0.8888715,1.48485433321831
1.0142159,1.0095092,206.6206,7.484514,776.4343,0.9381672,1.50319580922453
0.9984323,1.0076255,309.8228,8.994707,922.54,0.9303505,1.55495546071296
1.2802845,1.00399,295.0597,7.59421,402.9642,0.7474349,1.47797673604526
1.0042522,0.9968523,438.189,9.23207,302.7022,0.7646495,1.46472196533031
1.3984003,1.0066177,227.1297,3.399255,948.5975,0.934829,1.58438121215582
0.6278527,0.9973725,448.6001,3.999953,717.1939,0.7941815,1.21315845021383
1.1446721,1.0083067,281.0305,6.872254,693.0149,0.9679652,1.58713646046007
1.0695311,1.0012537,462.1403,5.735021,777.9289,0.9063904,1.5898620933676
0.9353166,0.9944905,282.9683,7.895879,252.1594,0.9188958,1.42858096864396
1.4523265,0.9994123,455.6117,3.764237,629.6529,0.9707208,1.68143359931556
1.1543575,0.9918254,274.2717,4.516494,772.8965,0.8766118,1.50203074960798
0.5238357,1.0039737,373.7225,4.121664,413.7337,0.7626978,1.07784664431801
0.9681229,0.9929007,420.8358,5.322607,613.0158,0.9105037,1.53100147718295
1.3573432,1.0019626,513.4815,9.255043,494.2253,0.7858464,1.63239464759221
0.8650603,0.9952824,367.3961,7.544236,581.5254,0.7274233,1.33285131189296
0.865575,0.9955183,339.0994,6.961074,862.5286,0.7398373,1.34116523615134
1.2587076,0.9986452,341.1744,7.916202,688.803,0.7193483,1.50325759597528
0.6075794,0.9963093,536.1708,7.355051,432.3683,0.987925,1.42017837851018
0.8461645,0.9990625,291.4648,8.734282,756.7281,0.852597,1.41339715957225
1.3146553,0.9910044,216.9768,5.063274,426.6,0.8269668,1.43704935076021
0.539625,0.9906079,226.9748,8.68948,677.7877,0.8671237,1.28025497559163
1.2153169,0.9983754,536.0084,6.637661,789.9284,0.8715081,1.62826878272662
0.8368908,1.0022478,265.3432,6.358983,483.142,0.7043107,1.21072925341714
1.4184023,0.9980164,467.1648,4.540303,698.2063,0.9695328,1.68076385176949
1.2778373,1.0087888,375.6857,9.566495,755.3744,0.9385558,1.6386193797812
0.699156,1.0024461,269.8456,5.505912,831.3937,0.9944166,1.48758781206692
1.3568248,0.9957213,203.6325,4.151488,849.1367,0.969975,1.58864208136268
0.759613,0.992744,478.6456,8.430492,384.8866,0.7025127,1.27075403211986
0.9232068,0.9942036,353.9305,7.878301,592.872,0.9423087,1.52269466620508
0.6435893,1.0096568,373.6147,9.49135,228.783,0.8436091,1.24915378349812
0.9792058,0.9997789,485.9285,4.726821,679.1974,0.9366596,1.5774524016319
1.045585,1.0088423,433.7236,7.531882,545.1171,0.8905688,1.56193557043603
1.1619061,1.0046452,463.6434,5.549082,660.2318,0.8512448,1.58163078000955
0.6140414,1.0091568,361.3971,3.657596,923.478,0.9138711,1.36101333371403
0.594643,0.9932952,358.5597,3.150843,445.9681,0.9004216,1.2701460863417
0.6767012,0.9933288,315.8517,8.883362,222.3157,0.8158158,1.21680164945787
1.4924301,1.00462,211.8972,6.953634,482.9554,0.9081828,1.55556390729664
1.4053125,0.9924053,439.5976,6.223542,361.0998,0.9546212,1.65685635929331
0.9033944,0.9947993,391.7586,3.022918,651.4694,0.7318887,1.3058152895822
1.4304666,1.0047661,317.5007,5.776259,967.913,0.9639857,1.65765952092023
1.2684602,1.0002424,540.8984,5.199548,874.9363,0.8081596,1.61523252471085
1.3146845,0.9955681,436.2753,7.761003,204.8624,0.910279,1.61349169675497
1.4978331,1.0047805,543.6822,3.510776,210.8078,0.8749176,1.66995132407346
1.3132457,0.9962625,425.8742,6.254941,961.302,0.7642313,1.57562025792605
1.249057,0.9908634,305.7301,6.455028,284.4554,0.9531354,1.5683461324351
0.6310752,1.0003359,375.5667,9.464572,631.4608,0.7253766,1.20373313429131
0.953886,0.9977546,327.2808,9.556462,244.0864,0.7843398,1.38170091554426
1.0407913,1.0011214,459.6097,9.402483,785.2556,0.7231798,1.50173430413453
0.596569,0.9906232,231.5912,7.888993,949.3608,0.9536176,1.41342308007192
1.2360025,1.0015166,212.6109,4.531977,707.3678,0.7070461,1.33007136955556
0.6793617,1.0058199,434.1251,5.580339,497.7155,0.8811979,1.34117436219118
0.631598,1.0017835,287.8037,7.220554,346.2076,0.9261787,1.32017907620429
1.0202241,1.0014053,233.743,8.098863,968.0636,0.7763948,1.39549762468325
0.858449,1.0092493,266.9963,8.00462,257.5418,0.7127305,1.23018604578867
0.8519234,1.0039427,270.7651,5.036969,327.2202,0.8789636,1.35097305775766
1.0901388,0.9981374,373.4655,7.426664,500.6881,0.8008823,1.49359563977829
1.2650449,0.9902134,505.0844,4.180667,730.6342,0.9255618,1.64264093933949
1.1007783,0.9903452,243.8162,6.004726,642.7073,0.9167011,1.5028344685291
0.6525029,1.0028486,484.479,5.018192,225.2905,0.9815701,1.37602026623918
1.2420402,1.0095006,308.6746,3.414972,742.1091,0.8921515,1.55629627032571
1.4656106,1.0060802,492.7224,6.47601,867.6115,0.7238446,1.63421614648731
0.7174118,1.0060541,297.9652,4.160899,674.027,0.9267155,1.39342642314192
0.601968,1.000413,521.4558,7.889512,809.4463,0.7258194,1.21142151782892
1.2678079,1.0017934,341.8807,4.352519,728.0503,0.8397971,1.54751707934528
1.2220076,1.009209,332.7889,3.957501,864.9629,0.79951,1.50890342788805
0.8327553,0.9946503,458.7688,6.936778,263.9539,0.9363707,1.45794739683008
0.7629577,1.0050499,258.0946,6.175934,573.5736,0.7575957,1.22115114509062
0.6858026,0.99081,248.3063,5.630789,670.782,0.8776603,1.31269375779321
0.6027896,1.009568,422.0783,9.074486,883.4524,0.8602037,1.34232711620166
1.4957254,1.002861,355.9973,9.085031,726.7254,0.8783597,1.63818910083191
1.1116986,1.0049915,396.179,6.140706,660.4174,0.858397,1.55012668647155
0.9302644,0.997077,536.2054,4.705956,600.1086,0.9980835,1.6067350945376
0.5692019,1.0005284,205.1568,7.723032,341.0821,0.9057269,1.26836190357289
0.9958652,1.0008969,516.5136,7.369141,593.2359,0.8907657,1.56686768903072
1.319084,0.9989228,387.0491,9.761632,654.5206,0.8902201,1.62103575155955
1.105527,0.9917499,257.3005,4.661046,540.3601,0.7082799,1.31581024521685
1.3343426,1.0032755,373.7284,4.669104,847.906,0.8210974,1.57474363480374
1.0896094,1.0075031,377.2722,4.608692,559.9647,0.7232007,1.43053568184806
1.3985135,1.0026831,549.0797,4.42241,739.6474,0.9373955,1.68297034115817
0.7182899,0.9908678,334.3715,6.494599,442.5263,0.9484816,1.40469223923252
1.4281662,1.0014012,407.4397,9.17246,243.2783,0.8522346,1.61904016455357
0.5856777,1.0051789,284.8252,9.489118,859.2623,0.7931863,1.24621551930742
0.7705724,0.9929821,384.4395,7.101435,328.7877,0.8528551,1.34202934139996
0.8488694,0.9994433,503.1238,8.584237,347.5882,0.7174243,1.36674004600172
0.8592167,1.003191,376.0953,9.021145,328.6278,0.7653049,1.35289461413494
0.693024,1.0009968,508.2764,8.512198,819.9777,0.7491405,1.30226734689299
0.5631134,1.0001191,464.9526,7.780744,284.9854,0.9361921,1.31863949234545
1.0183903,0.9931461,296.8085,9.752456,936.4597,0.8864744,1.52145894709438
1.3714482,0.9974251,201.789,3.898614,736.0888,0.9646643,1.57677962025189
1.4466272,0.9988963,446.9413,6.068106,585.9538,0.8119878,1.6268330190261
0.8297009,0.9980143,377.0916,5.818777,374.1947,0.7844154,1.31797943165713
1.4064661,1.0059466,423.2482,9.79172,230.2247,0.705823,1.58448648859751
1.0515604,0.9959404,521.4192,9.740006,770.8364,0.8593882,1.58469453872896
1.1642336,0.9956344,488.8448,3.953082,949.8627,0.8443496,1.58167169263871
1.3081864,0.9969473,453.733,3.590151,224.3071,0.8519094,1.58074799908215
1.2923084,1.0075255,364.9924,6.760846,914.9357,0.8455409,1.5913263449928
1.1934013,1.0051128,334.0671,7.332257,933.6081,0.862049,1.56630211021663
0.7701996,0.9916616,274.3693,5.463424,544.7473,0.9458589,1.42250945360414
1.1446411,1.0094882,356.7095,4.247644,535.7301,0.9042825,1.55686332818314
1.4630044,1.0090627,453.3768,5.20693,904.8322,0.8931895,1.666125441966
0.6097217,1.002313,520.3551,6.318217,834.7599,0.9115372,1.38679836245203
1.3087052,0.9929181,225.1617,7.579646,200.1859,0.7974218,1.41826528085768
0.9355751,1.0037105,390.5045,5.884777,453.9501,0.9024543,1.4934741107607
1.3042243,1.006356,451.9551,9.64799,558.4465,0.9183714,1.64682267280697
1.3617182,1.0096322,404.7189,3.332862,572.5575,0.9105535,1.6265669898047
0.9337776,1.0027759,327.2384,5.967345,840.6686,0.866894,1.46945374723287
1.1402778,0.9979252,386.2816,5.303449,685.2241,0.8551213,1.54588367918881
1.4299222,0.997225,204.3633,5.858931,458.5066,0.9534103,1.56124619606988
1.3570572,1.0046761,513.1871,5.621851,550.1476,0.8793554,1.65048299228454
0.6363258,0.9942936,548.7356,5.371575,228.5406,0.9789278,1.37248707799685
1.2351221,1.0043689,439.0017,5.26687,390.5299,0.8936083,1.60012868131797
1.3073553,0.9993392,207.2217,5.876891,411.5174,0.886175,1.481313653918
0.7028233,0.9917618,252.5887,9.834945,622.4892,0.9641302,1.43140026747483
0.6201653,0.9914945,547.3974,7.039621,430.0215,0.7836502,1.23247320792028
0.7443477,1.0068631,472.6811,9.474014,591.2325,0.9694616,1.49156741840612
1.2157407,0.9927783,355.3911,8.55457,305,0.7585891,1.4981993409693
0.9821374,1.0072301,238.1239,7.51892,806.8807,0.8112692,1.40124973743325
0.6661917,0.9946217,209.9483,9.763398,481.6302,0.9099349,1.3344000994037
1.2239342,0.9961604,520.8868,4.963518,900.6598,0.7607804,1.57432372871127
1.1655175,0.9956894,305.6643,4.827715,310.2113,0.9400883,1.53839037705986
1.2386213,0.9930537,491.6657,8.41863,874.8817,0.9623948,1.66388994575389
1.0533569,1.0018356,382.0449,8.988987,928.8083,0.7457325,1.48643289923331
1.1841807,0.9988005,445.4824,9.129961,836.4466,0.8336135,1.59191038915981
1.2172632,1.0040213,443.4039,7.098286,926.451,0.7540494,1.56165380033678
1.4151335,1.0003134,436.7286,4.155759,910.9516,0.8192581,1.61536076966905
1.3992181,1.0024057,488.8765,4.65869,991.7916,0.8692651,1.65331260863972
0.6255495,1.0095661,485.0613,8.390075,478.5706,0.8912996,1.34569288040753
1.2222285,0.9958293,350.7898,4.239941,231.4636,0.9291859,1.55793976469156
0.507129,0.9988076,467.3589,9.074468,364.8939,0.8955505,1.29249581845597
1.1691487,0.9925818,292.9602,5.681067,988.5074,0.8743172,1.53573115092455
0.6833789,0.9924194,376.5135,4.399879,780.4751,0.7961829,1.24485437911944
0.9356608,0.9944281,265.0304,9.498154,501.6923,0.8311254,1.39895025284876
0.8455246,1.0094915,462.4317,9.023082,466.7094,0.8235237,1.43493858651037
1.1080463,0.9972551,414.6793,3.288949,213.1336,0.9678456,1.57099335779407
1.456998,0.9970147,354.526,3.79463,997.3521,0.8646982,1.60926980128097
0.6341293,0.9915327,205.04,7.28454,920.118,0.9732248,1.43994006697793
0.8406267,0.9905212,330.1998,3.463629,307.4842,0.7557473,1.21504856229579
1.2205209,0.9954661,362.1777,4.311205,724.9973,0.9061014,1.58502692821831
0.963435,1.0029706,266.5465,5.574309,353.6079,0.7568462,1.30089643465856
1.4178032,1.0084305,425.307,3.385656,386.6505,0.9612181,1.66087548613642
0.7276818,0.997199,423.3136,7.711116,951.4584,0.9725032,1.50883966271356
1.4602638,1.0085738,382.0948,8.458936,577.307,0.7699344,1.6026470421669
0.7056252,0.9919147,365.2406,3.349662,294.2463,0.7876298,1.15856464888383
1.1796567,0.991299,237.6369,5.584615,586.6577,0.9473776,1.53852093734735
0.5102513,0.990701,482.3013,9.920331,613.2207,0.7775021,1.21863162359055
0.8362227,1.0046321,446.244,4.50932,288.9843,0.7362017,1.28798684173421
0.7962093,0.9937355,372.0522,4.074307,993.7291,0.9042772,1.45097472640377
1.2369676,1.0015351,505.0185,9.745317,761.7918,0.9507367,1.66181149037512
1.3407099,1.0094317,517.8499,6.237675,925.5306,0.7829184,1.62924684939742
1.378321,0.9972604,226.21,7.390247,330.8682,0.8734271,1.50560436710772
0.7928018,1.0008012,321.5906,3.274991,438.3204,0.9182518,1.38825136776114
1.3542888,0.992756,481.8141,3.357427,630.2896,0.9104189,1.64259112089598
1.4344335,0.9925107,215.2019,5.203846,522.705,0.7311253,1.40936078486853
0.9040763,0.9985438,207.5835,5.093298,557.7884,0.999601,1.51005208412184
0.7284871,0.993004,325.1911,7.524792,543.1482,0.7753197,1.25839144980266
0.51206,0.9999429,297.267,6.06017,737.6916,0.8201582,1.20783043958883
0.7522459,1.0015438,545.4406,6.656753,313.9172,0.7104658,1.26380257179666
1.3371276,1.0011011,429.9263,6.425879,369.3675,0.7391364,1.5623870695349
0.6311667,1.001125,498.0484,6.090248,266.6198,0.8691328,1.27274447013972
0.8413159,1.0053336,520.9703,5.643403,703.4609,0.9545312,1.54429081430794
1.429225,0.9980445,272.55,3.755964,650.6667,0.9457417,1.60729727361568
0.7516757,1.0049847,372.0742,8.41115,655.3677,0.9083557,1.43058695454538
1.0813142,0.9980445,238.3507,4.648329,418.7172,0.8403723,1.39380728036696
1.4063992,0.9914247,299.0592,4.248548,867.799,0.9993488,1.66244923343131
0.64429,1.0058183,210.4101,9.072528,611.1611,0.8584191,1.29017714699299
0.638889,1.0016336,356.3216,9.818807,276.163,0.9442539,1.34311365078965
0.9996111,0.998357,209.047,4.468004,486.1379,0.8543901,1.35972169198661
1.0315118,0.9976877,246.4994,7.052717,529.1506,0.8664163,1.43915401341199
0.990248,0.9923325,201.9448,3.202602,202.6974,0.8539753,1.2692090234749
1.0492786,0.9920104,462.0738,7.719916,387.4464,0.8302187,1.52374386633315
1.4039132,0.9919682,496.571,3.788255,313.5901,0.7135368,1.58063629618508
1.2605512,1.0087836,479.5449,8.186114,861.473,0.9591166,1.66859003010281
0.6605819,0.9964794,487.1762,4.350757,507.2544,0.9476025,1.40194182937441
1.1433212,0.9974676,208.2134,5.405688,201.0002,0.8744886,1.38453794584646
0.647185,0.9929408,241.6393,7.962647,834.7041,0.7258325,1.16707853703157
0.6014296,0.9901599,287.0068,9.050662,404.1826,0.7375376,1.14486389200298
1.343426,0.9973508,373.1768,9.124434,848.0709,0.8778469,1.62010341780986
0.9099118,0.9948298,387.9023,3.855804,647.8288,0.905845,1.48545144249707
1.2344542,1.0095537,364.8902,8.632594,216.3537,0.9346475,1.58624396613042
1.3919927,1.0094436,520.9601,8.016939,807.4511,0.7311554,1.63471845575726
0.6827801,1.0083937,525.8158,4.160416,888.2227,0.850459,1.35190452278402
1.4058601,0.9925915,254.3485,8.841936,204.924,0.7086687,1.44715420069481
1.4569251,1.0014871,223.687,3.575039,905.038,0.9407268,1.59371494400624
1.2411843,0.9940575,241.8871,3.344767,952.1614,0.8238065,1.45333219432944
1.0359477,1.0004322,261.2601,7.895967,318.3238,0.9260854,1.47506592114403
1.4535029,1.0042705,412.5247,5.553713,403.4377,0.7201557,1.57811954593714
0.8352073,0.9938624,429.9608,9.553151,704.2812,0.9987694,1.56034903050917
0.730546,0.9904604,312.5638,8.358151,414.3422,0.9581838,1.41514831847687
0.6462436,1.0071412,404.3704,4.073953,676.3954,0.9049238,1.3517251201267
1.381706,1.0092096,442.6295,3.860003,700.9316,0.8192371,1.60794675262664
0.5330946,1.0058081,215.7795,4.571981,773.0273,0.7903778,1.1319502830256
1.0820299,1.0098651,346.8649,7.776852,440.4483,0.7396333,1.44492431365308
0.5672806,1.0099893,536.2661,8.596218,851.6308,0.9654974,1.43551006762249
1.4107505,0.9957823,308.283,3.105997,455.8995,0.92492,1.5920406938642
0.7055301,1.0099838,254.1934,6.633013,916.5521,0.9154031,1.40490842260105
0.5045912,1.0026254,544.7144,6.915428,286.8873,0.9086892,1.28047366575846
1.0857852,0.9919781,521.1102,6.481372,708.1032,0.7286465,1.517431517931
0.7015545,0.9927014,444.6241,7.882529,662.3216,0.8080002,1.32223104365805
1.2550368,0.9939458,250.7236,8.378427,827.9979,0.7109298,1.43269979350845
0.537782,1.002229,308.7693,3.936569,957.3036,0.8682963,1.263787171444
0.8994655,0.9912945,210.6697,6.770743,973.002,0.776588,1.31543496862527
0.6803651,1.0084273,293.6115,8.439447,609.335,0.7716132,1.23837569743874
1.3513771,1.0069643,255.4816,7.345828,866.1232,0.8532246,1.55070631157172
1.3933963,1.0084795,339.0407,7.427519,804.4116,0.7003069,1.53575641798
1.0936759,1.0097861,403.0646,3.967407,828.6324,0.8116469,1.51095648387648
0.9679536,1.0041428,441.7013,7.95315,365.9494,0.721503,1.42508112902412
0.5922151,1.005216,411.6664,6.467656,986.7718,0.769055,1.22193267227174
1.1352339,1.0091909,490.9849,8.148858,780.7773,0.9955692,1.66323810479185
0.9695564,1.0006114,326.8676,3.564006,392.9631,0.9062392,1.45933260223284
1.4265378,0.9968667,246.1673,7.879759,592.819,0.8452447,1.53921749056789
0.603572,1.0094414,451.752,4.973561,802.7068,0.8681628,1.31465575317764
1.3417624,1.0026882,547.5822,4.675548,853.1098,0.9209331,1.6712164400871
1.4332802,1.0023904,428.2542,7.765376,999.3292,0.9470351,1.67868166323491
1.4208709,0.9998675,285.1328,6.179696,443.6869,0.9302667,1.59838423603863
1.1316714,0.9929255,309.0871,9.581837,379.8003,0.9951112,1.58266817637166
0.7031969,0.9906387,361.3766,3.875163,851.0542,0.9443952,1.43514583534203
1.3895616,1.0000683,459.5927,9.376393,713.5844,0.8192172,1.63506372505343
1.1610601,0.9981271,505.3362,9.160537,698.7093,0.8620079,1.60898919266582
0.6154322,0.9976471,401.4309,6.25896,240.6878,0.9984324,1.37387204844412
0.8285384,0.9974697,413.8834,9.781664,888.2232,0.7533233,1.39086559413368
0.8326536,1.0014918,200.8417,4.700021,846.4545,0.855331,1.33797850331628
1.0215186,1.0088956,306.7975,8.028995,386.7618,0.7574733,1.39765246418859
0.8774779,1.0064698,485.6816,3.974588,395.7279,0.8695818,1.45177775122954
0.7117789,0.9955208,333.6314,9.62506,346.353,0.7436194,1.22159272176623
0.5284326,1.0014599,538.4482,4.791765,673.5485,0.7288806,1.10857685303297
1.0621571,0.9985955,454.5536,3.249802,816.6937,0.8574473,1.53899668507004
0.9445124,1.009868,522.2312,9.059016,929.1321,0.7818663,1.51565979900115
0.5216522,1.0063158,327.6169,6.205445,819.8225,0.9112753,1.33668748003923
1.377308,0.9927566,365.7576,6.613246,310.0402,0.921028,1.61113842412173
0.5355224,1.0069026,282.084,7.474128,487.1214,0.8668421,1.2569669311424
0.5673735,1.0046689,334.853,7.923364,326.2314,0.7682606,1.1480682518589
1.4958049,0.9971677,325.8199,3.157486,325.5775,0.8722764,1.57780209795786
0.9813804,1.0092071,425.7107,9.238998,866.9401,0.8121411,1.51555416741103
1.4640345,0.9973957,207.9044,4.520081,732.2517,0.7694377,1.44078834650731
0.9127613,0.9937681,266.5846,9.798757,447.1024,0.9927386,1.51233130937699
0.5201702,1.0091348,330.4758,3.41569,597.9616,0.8815375,1.24352597794016
0.8656778,0.9972293,262.3617,4.407714,527.2711,0.9712975,1.48105017498021
1.0480989,1.0099636,372.46,5.556046,689.491,0.9668669,1.59572434403881
0.7608724,0.9977178,541.5492,8.274246,449.066,0.8392502,1.39416807143013
0.7969938,1.0063509,384.0239,6.937398,545.85,0.8689617,1.40671967629732
0.6938344,1.0043772,447.8789,6.332757,382.683,0.911978,1.3705068047855
1.3822293,1.0036891,379.3271,6.617463,900.8867,0.9815178,1.67444665342669
0.8340395,1.0063404,459.8903,9.571054,793.259,0.7638127,1.4143732165405
0.774876,0.9965946,544.2917,5.953225,516.0389,0.9442283,1.48170963618977
0.5823581,1.0099468,426.336,3.273483,881.4175,0.948021,1.39741093521003
0.5377775,0.9973341,505.3289,7.89082,265.3141,0.8837152,1.25947797094543
1.0990532,0.9958222,233.8282,4.451762,537.5229,0.7220318,1.29709544401852
1.1113451,0.9964368,484.69,4.405041,643.7954,0.8509898,1.56165714437193
0.9820472,1.0066507,239.1388,9.694756,704.6862,0.8357009,1.42880595865463
1.4496843,0.9926395,322.4235,3.315518,646.92,0.8803392,1.58517103194526
0.5839388,0.9939934,529.9357,8.305687,256.9181,0.7705098,1.18122150858203
1.2687578,1.0025979,480.2915,3.721258,900.7541,0.8489809,1.60778322593816
0.9772705,1.0016164,235.1217,9.056342,913.3886,0.9134589,1.5002488361836
1.1321367,1.0053636,401.3021,9.880011,359.6265,0.8809075,1.56527820088997
0.5416255,1.0041921,276.4898,5.238825,627.1753,0.9576295,1.37272177337847
0.646844,1.0042009,393.3145,5.789307,940.868,0.9773639,1.47207780847319
0.947301,0.9976273,375.659,6.986064,413.2588,0.7929752,1.41414978029345
1.0262803,0.994771,275.342,9.81114,854.4141,0.9097817,1.52604601812082
1.2767533,0.9975802,421.4894,5.978684,792.7865,0.7045247,1.53238638172853
1.0028045,0.9977772,296.6167,7.623871,945.7918,0.9459507,1.55847438880715
0.9787463,0.9945908,500.602,7.116786,943.7156,0.8991986,1.57626944037154
0.7896475,1.0004786,388.6103,7.146012,672.1841,0.7804318,1.33901935058668
0.7366092,1.0019832,427.8194,5.284687,791.9347,0.8238436,1.34432198933978
0.7163065,0.993998,541.3292,9.62893,661.8877,0.7883815,1.35170429924842
0.5884707,1.0073783,276.8531,6.318256,612.2071,0.9902125,1.42501964998606
1.1685709,0.9966403,526.1671,8.627091,482.3808,0.7224539,1.55632285020002
0.6548624,1.0045732,369.7849,7.858935,843.8845,0.9802135,1.47008228206136
0.9189825,1.0087602,242.9098,3.423268,604.7159,0.7998433,1.29420359486944
1.4408793,1.0065117,289.6172,5.91945,512.1797,0.8680073,1.5754893761647
0.9719332,0.9903415,376.6684,5.153846,793.4105,0.9954953,1.59944734213379
0.6562163,1.005485,231.1237,7.827477,313.6976,0.9103865,1.29437850048412
0.7990843,0.9993407,470.909,3.084736,440.7851,0.8112334,1.32450108953051
0.9607309,0.9934432,273.8309,4.660666,310.6658,0.8065109,1.32360499702785
1.328995,1.0045078,382.3811,8.625185,481.8116,0.7506576,1.55922993658788
0.6493445,1.0039148,360.4921,4.017098,504.4169,0.8827301,1.29414267097358
1.4512983,0.9950811,254.5831,7.062007,844.5204,0.8750332,1.57505125839926
1.3258903,1.0034292,251.7066,3.785517,320.8118,0.9189643,1.52892498964272
0.910589,0.9905738,486.5955,5.010563,470.6873,0.7356358,1.38462431490265
0.7468627,1.0074141,258.9929,6.385809,542.2509,0.7718512,1.22763912483067
1.3827721,1.0076113,484.6105,3.622876,319.635,0.7237035,1.57953549771061
0.5276905,0.9951221,312.8494,8.665123,828.6108,0.8743701,1.30964825370901
0.9477519,0.9953663,316.0462,5.99435,998.237,0.812071,1.42930330397925
1.3251748,0.9907027,424.6015,5.073109,925.192,0.9366865,1.64882936067063
1.2398857,0.9947318,528.8744,8.40925,232.7983,0.8426214,1.60551843407349
1.2371995,0.9974214,375.2808,4.645683,297.6706,0.9087474,1.57193824884391
1.0706297,1.0044609,389.6853,7.626784,508.7173,0.8474224,1.52545397616198
0.8743558,0.9999543,476.3744,3.383434,698.263,0.8117514,1.41239912648263
0.7853281,1.0095156,281.0056,3.569298,619.5505,0.9296953,1.41496640223651
0.7723853,0.9936105,425.7147,3.483778,362.6187,0.7935029,1.26115809766879
1.3944544,1.0054595,509.1277,8.869472,751.3264,0.8564608,1.66165653361859
0.6030836,1.0018462,354.8794,7.873282,435.1088,0.8766428,1.2913796972787
0.9905737,1.0006575,350.4583,7.469586,478.4525,0.9613548,1.54946746925597
1.3463141,1.0030438,540.9429,5.332044,219.4622,0.8311419,1.62914549543244
1.4462866,0.9936254,362.5193,4.650146,888.1242,0.9832455,1.67385922088821
1.1813101,1.0073501,395.4841,7.819384,802.1719,0.8353642,1.57306610977196
1.0328729,1.0073979,226.1257,5.849986,923.4058,0.7765125,1.36935006660705
1.0318524,0.9930275,226.4739,6.544236,928.7996,0.9512087,1.53457944971577
1.2022445,0.9961361,467.2838,8.733041,858.3488,0.8753604,1.61790723649259
0.8139946,0.9977336,506.4437,6.644841,239.098,0.8289605,1.37609560008781
0.8193901,0.998297,288.2421,8.601883,545.6647,0.736975,1.27949598834358
0.9405289,0.9986073,369.1065,7.670389,317.8898,0.9319903,1.49561141155045
0.6308346,0.995984,360.1,5.904076,274.1201,0.8172006,1.18871236340308
0.8662515,0.990056,231.67,6.480995,637.6128,0.8818882,1.39128828036648
1.1252429,0.9932615,264.2183,6.933094,347.2529,0.8599827,1.45477059424535
0.6161464,1.0041566,269.9419,3.029866,230.6387,0.8548602,1.13497886139206
0.5900326,1.0044004,205.0986,7.303139,673.5109,0.833169,1.23459001378263
0.9113238,0.9940396,279.7225,5.462811,989.2534,0.8834493,1.45756811343494
0.5596285,0.99766,404.2985,4.412346,947.1086,0.8030079,1.20446810391576
1.3591962,1.0058784,377.9788,4.556099,269.4175,0.9601317,1.62920163544928
0.5532025,1.0016261,501.9173,4.353603,603.2226,0.9152364,1.3291821246689
1.2478199,0.9975584,474.6865,3.274824,993.4662,0.7121734,1.52687733725313
0.5556663,0.9913795,407.1378,7.625261,838.301,0.957031,1.41194706580583
1.3697952,1.0023774,548.4537,8.447284,665.1828,0.8043891,1.65037637549582
0.6145147,1.0040567,230.3269,8.632753,396.5189,0.9582634,1.35619998285738
1.228346,0.9942018,513.7482,6.337459,324.3535,0.8149341,1.58561561341494
0.9924309,0.9978032,439.8065,3.627542,405.8781,0.9437782,1.54938095289964
1.438859,1.0077514,354.4495,8.079026,236.4272,0.7358889,1.55556097946164
0.5609461,1.0070156,305.9868,3.825629,712.1574,0.711297,1.03004709103412
1.1101827,1.0021863,461.26,8.885722,605.1158,0.8854125,1.59177228845768
1.4277077,0.9927852,496.1872,5.327831,684.9431,0.7631232,1.62108933436725
1.4717562,1.0015681,204.0599,5.368149,679.6394,0.9996316,1.62359739408366
1.0270482,0.9959111,500.3918,7.338598,750.8653,0.7521625,1.50753956380704
0.9609959,0.9902272,216.5891,4.886757,708.8301,0.8791466,1.40551347093964
1.3802626,0.9908725,295.8828,9.716479,429.4696,0.9753553,1.62114462944238
0.9617297,1.0046549,202.1339,6.072926,908.1726,0.7103281,1.25905907717719
1.4335815,0.9936991,506.769,7.417508,741.4199,0.7234604,1.62714999305856
0.6915918,0.9910353,485.3246,9.979677,697.7996,0.9260944,1.43775772519847
1.2198217,1.0008641,441.0286,5.23804,688.9577,0.9222755,1.62353058345912
0.5438741,0.9986431,488.9944,4.113352,988.2066,0.7010102,1.07765699982466
0.971846,1.0021241,395.029,5.529675,309.4575,0.8809787,1.47650094092762
1.0625182,1.009638,341.327,9.747787,388.4726,0.9447226,1.55507499752915
0.8046497,1.0086698,418.7948,9.744808,857.6159,0.9089981,1.49376117196209
0.90736,0.9981573,405.9756,8.264602,257.6852,0.9786389,1.5144395410695
0.5572695,0.9938197,200.7617,9.388594,964.6151,0.8732361,1.31399882425162
0.5421899,1.0056305,414.1269,5.07116,376.0888,0.7704647,1.11797700693798
1.4837218,1.00257,393.4317,4.02229,422.8526,0.8063398,1.59554379455992
1.3037411,1.0058482,440.6281,6.071639,900.4076,0.7449976,1.57408977403326
1.3085342,0.9953669,334.3024,7.300421,692.2347,0.8110383,1.55171474845975
1.3547154,0.9909964,440.6885,4.910197,662.5574,0.820777,1.59747233441159
1.2844653,0.997398,451.4532,5.282402,569.726,0.9942402,1.66752462425402
1.3428884,0.9981071,275.623,9.626806,811.8534,0.7444475,1.50868403735844
1.3221587,1.0050725,348.2028,9.911637,936.3976,0.8810648,1.61733645175205
1.0752762,0.9947089,400.4164,3.104084,786.7536,0.9040045,1.55477170430896
0.5103057,1.0060472,394.4293,4.65308,447.1949,0.9666716,1.36287630469215
1.3381046,1.0051459,239.2183,3.541609,328.8102,0.927999,1.52963215775572
1.0961109,1.009522,534.6973,5.06684,736.9405,0.8100224,1.56421323311404
1.487777,0.9979223,355.0537,8.525262,338.7942,0.7715767,1.5820680483449
0.9677911,0.9953301,244.1265,7.326643,588.1542,0.8344204,1.39473806331364
1.3837354,1.0096075,360.6077,3.237498,288.5889,0.8284048,1.55270994259183
1.0330193,1.0003327,405.7219,3.625054,769.5526,0.8004653,1.46765181758549
0.7539685,1.0042436,309.7863,3.78833,814.0733,0.981348,1.49602442833998
1.2897007,0.9926954,477.3197,6.856068,607.1475,0.9527156,1.65568165759865
1.3147561,0.998887,452.1339,3.184259,223.3175,0.9886179,1.64824914440742
0.7947314,0.9993332,449.258,3.153492,634.5172,0.7679521,1.28879508861465
0.5354185,0.9965817,362.0127,4.945762,988.105,0.7727436,1.1608144689991
1.2834129,0.99168,356.8451,8.929659,620.5679,0.9961213,1.64897385595849
0.6537107,0.9938883,235.0912,7.180746,751.9529,0.9650795,1.4234056489791
0.5207089,0.9974802,243.4628,6.29258,687.1493,0.7853773,1.15682580996842
1.205495,0.9906583,402.7744,3.290725,828.2175,0.9237868,1.60491310188485
0.5241914,1.0024345,250.327,4.334863,992.5573,0.7776685,1.12813087017062
1.3120415,0.9927616,431.0517,7.951927,863.7845,0.8187901,1.60405409230494
0.9563366,1.0042278,320.9074,6.810756,224.059,0.9237688,1.45441343337068
1.4254232,1.0013278,348.0932,5.544082,641.6665,0.8387538,1.58929104983937
0.5407398,1.0070575,515.7278,3.454207,503.6811,0.7705055,1.1124510475769
1.2318553,1.0063663,362.2358,5.485319,315.0978,0.7253294,1.47743787771959
0.8949094,1.0017557,403.3483,9.004675,776.7915,0.8047984,1.45145662499593
0.5645532,1.0040086,420.8477,8.351094,652.1752,0.7497353,1.19111950979703
1.0809751,0.9965406,481.642,3.309244,810.414,0.9688424,1.62957668254058
0.6422066,0.9982799,329.4931,7.735449,510.5752,0.980181,1.42035100486747
0.8233422,0.996602,374.7561,7.477115,618.3978,0.9109635,1.4615680635162
1.2374633,1.0077718,531.5797,5.728741,664.1398,0.8072809,1.60579434343463
1.4625123,1.000231,361.7637,9.801401,330.6358,0.9901729,1.66023328702942
1.1661032,0.9903108,221.653,9.114167,244.0597,0.8877102,1.44422135975363
1.2736062,0.9939434,213.5719,7.646071,797.6115,0.7378265,1.41015578858755
1.3003041,0.9911378,379.8725,6.677471,323.0257,0.989611,1.63491238558875
1.4168609,1.0015205,211.2361,7.246419,448.1883,0.9160713,1.54215740161528
0.8891187,1.0008482,377.6591,5.427839,317.4389,0.928693,1.46535284945262
1.2423321,1.0089577,230.0522,9.675853,484.5783,0.8539482,1.49328608137654
1.1628493,1.0063089,379.935,4.671539,262.2681,0.9249314,1.56283541922249
0.9090896,1.0068257,536.7372,7.09151,467.7652,0.8469037,1.49936419147365
1.2498466,1.0030086,481.7291,5.600579,215.8975,0.9936607,1.6462508908901
0.8064975,1.0032389,328.0362,7.541779,289.9356,0.824473,1.31952522067026
1.3446479,0.9916351,347.5908,6.605237,707.2284,0.7983723,1.55493569284886
1.1881683,0.9948138,234.0097,4.046866,994.536,0.8789175,1.4962679196703
1.1099954,1.0041276,471.4427,8.841121,222.7126,0.921946,1.58197459006491
0.9482781,1.0090703,410.4543,4.497557,374.2533,0.789922,1.40700070853082
1.1238245,0.9953824,390.0371,5.523693,686.7013,0.8251743,1.5241597086092
0.6889226,0.9972559,271.5677,4.049693,241.4542,0.9113345,1.26658451456959
1.1740785,1.0001018,355.6874,8.433211,216.3028,0.9928284,1.58903330852273
0.7282178,1.0039641,368.1261,6.462882,680.9478,0.7803393,1.28309181757336
1.3925411,0.9901453,382.0029,5.955951,364.9753,0.764128,1.55227182475755
1.4019782,0.994699,308.4799,9.930423,915.937,0.8720014,1.6053765966949
1.4151661,0.9988369,545.6124,3.327033,721.5028,0.9978922,1.70128123194223
0.724515,0.9984832,445.0303,5.384833,525.0234,0.7977762,1.28968657237575
1.108538,0.9970012,429.7886,3.338762,265.6388,0.8797163,1.52559828783172
0.9930332,1.0058365,306.0928,6.42413,757.7503,0.8431824,1.4614428880299
1.0242925,0.9989958,404.2152,4.793929,223.6019,0.8845572,1.4876455370726
0.9890282,0.9967679,352.0142,3.348138,479.1791,0.8880108,1.46917428170213
0.9222706,0.9971539,423.8395,8.889927,385.8435,0.7182444,1.39149661811881
1.0376019,1.0060908,217.1109,8.920579,455.0871,0.8618532,1.42244277790064
0.5021912,0.9942085,370.1911,7.523845,803.8856,0.9646672,1.40629369390918
1.3858331,1.009344,260.5872,3.021845,557.6197,0.7819836,1.46191023679547
0.7404049,1.0076558,506.2313,4.533486,404.7162,0.8364646,1.33348979233374
0.8754764,0.9962236,546.6907,9.361808,319.6983,0.7741631,1.43400959070581
0.9641954,1.0049477,354.9135,6.812312,227.106,0.9262383,1.47779449845758
0.9549494,1.0040905,235.1233,6.672847,392.2901,0.759682,1.29368143161193
0.9309309,1.0020647,500.533,8.73371,357.7176,0.9075047,1.5294056679587
0.7992407,0.9978195,245.3788,5.909268,959.683,0.8787046,1.39586800819946
0.6549559,0.9905707,205.7779,7.268937,543.4659,0.887995,1.30005780181929
0.6431039,1.0031255,353.206,5.933149,764.5338,0.8864267,1.3439834495479
0.5343163,0.9941436,412.5852,7.769943,701.9548,0.9459444,1.38314449563232
0.7926131,0.9944148,436.2977,7.051019,573.5267,0.7531341,1.32420385296602
1.390419,1.0003288,241.046,7.221921,214.4162,0.7874207,1.45966871644415
0.9931159,0.9973252,246.7506,9.631655,542.521,0.7129239,1.33013790119705
0.6165912,1.0068152,333.4132,8.920816,576.7832,0.8658605,1.30947460168827
0.9561295,1.0003763,293.2898,4.696073,285.6624,0.9595115,1.47601481189916
1.3017853,1.0077236,540.8443,8.938103,977.2261,0.8694163,1.65988366013564
1.414059,0.9969369,280.2589,4.789473,360.9111,0.9538453,1.59782232414875
1.3764961,0.9947303,501.242,7.699858,545.4071,0.8977307,1.65737669709967
1.0854288,0.9960074,501.5198,3.513191,948.4275,0.9238377,1.61005986950726
0.9596362,0.9942774,475.3091,6.361785,664.3956,0.8284268,1.49905373879384
1.3341944,1.0075683,304.9225,4.18459,661.0014,0.7175969,1.46542580411232
1.3781479,1.0075777,488.5382,5.846404,999.7044,0.877161,1.65827387916511
0.8069609,0.9976575,512.5719,8.268037,481.7609,0.8171028,1.40977076562482
0.7401631,0.9900354,301.492,6.672514,881.0637,0.83288,1.33572401181893
1.3266402,0.995638,507.3199,3.365631,372.566,0.9836516,1.66958213082408
1.1305155,1.0080163,360.3133,4.685474,354.8195,0.8309572,1.49343252653466
0.9977645,1.0079989,499.4579,7.24504,679.4343,0.9784583,1.61999522770407
1.3870314,0.993396,215.0108,9.628573,534.3733,0.8577985,1.51392605908504
0.7428668,0.997485,526.8496,4.672464,645.4424,0.7019627,1.23914122702516
1.2386156,0.9902072,498.4171,5.40154,718.8421,0.978082,1.66364156639303
0.5068797,0.9902512,440.5548,3.711095,204.7557,0.7262304,0.981145186217181
1.2179035,0.9918667,438.8575,3.917253,428.7588,0.9295906,1.60653289101986
0.7060933,1.00069,530.4048,6.607799,226.8709,0.8113915,1.27660314657729
0.9673823,1.0046085,519.2894,7.680731,484.6762,0.9098664,1.56200437259763
0.8347197,1.0088262,317.4271,3.044807,853.5269,0.9907079,1.54531280464058
1.3205441,1.0011484,370.8822,4.559254,632.6338,0.7510755,1.52414977276566
1.2358291,0.9957901,470.1585,9.657898,946.6532,0.9299108,1.65121203480864
1.044687,0.9960205,250.8429,9.332634,770.9764,0.7523655,1.39509275615582
0.6490893,1.0091034,303.2669,3.736345,404.1509,0.9346075,1.33165145143258
0.8508246,1.0013837,254.6344,5.770246,862.5269,0.8574887,1.39048027564826
0.6845726,0.9984121,387.7629,4.183796,926.6682,0.9525545,1.45096072860588
1.0927251,0.9946334,465.0311,4.760364,398.9085,0.7076595,1.45901605093682
1.2164883,1.0060909,367.3682,3.117589,446.4945,0.9145998,1.57507604060813
1.0495474,0.997368,255.5267,4.94208,578.7652,0.7095493,1.30099146114857
1.0944637,0.9950608,427.465,4.408927,680.7423,0.9540161,1.60631456580876
0.8360033,0.9985558,432.246,3.654601,376.0618,0.8815679,1.40753315378675
0.8550657,0.9924965,498.1795,6.189815,240.5588,0.8361684,1.40467712300593
1.0691085,0.9975237,363.8254,3.905778,617.46,0.7072551,1.38569079519858
1.3859885,1.0059049,415.1778,3.879101,223.924,0.9006113,1.61359645203347
0.6943139,1.009594,451.9476,5.296465,273.1388,0.9744646,1.405033035766
1.4845294,0.9910396,438.1268,9.260085,607.3056,0.9608496,1.67950915272419
1.1195095,1.0071545,222.2763,3.243448,833.558,0.734872,1.30541295490172
1.1269368,1.0098737,361.1972,9.207458,214.6349,0.9699632,1.57032075165323
0.9338058,1.002546,258.97,7.349608,420.0904,0.8167239,1.36099162436482
0.6758993,0.9996257,313.9674,5.977865,428.8264,0.830597,1.24725453363188
0.8811409,1.0048638,439.8393,8.834908,293.1158,0.8117239,1.41941598535338
1.4038514,0.9997764,396.5613,4.47537,224.6298,0.8237543,1.57575646558397
1.2213551,0.9972333,545.5912,3.655239,227.643,0.8243198,1.57726500029089
1.1200733,0.9924923,254.7962,6.088019,729.0413,0.7894055,1.41806074780989
0.5127173,1.0000274,549.0864,7.816799,926.1604,0.9963534,1.45873011353344
0.6758842,1.0032815,417.0105,8.684639,453.2404,0.8146311,1.29215136469045
1.2368127,1.0002721,329.7793,5.462117,747.9151,0.9359252,1.60300216837069
1.0532705,1.003092,263.5975,6.708633,943.8937,0.7292532,1.37916162979942
0.7542259,0.9958231,453.8902,4.349359,668.5412,0.9587576,1.47994148557613
0.5158197,0.9976044,396.8581,6.368269,666.6821,0.8120381,1.21082667790542
0.6393215,0.9984047,245.9817,9.996893,909.2391,0.9849824,1.46331924418817
1.1545946,1.0044418,343.967,3.422167,631.5725,0.8912224,1.54210173035327
0.7220477,1.004328,390.3601,9.102624,444.1662,0.7403756,1.2578694250028
1.1584794,0.9967354,319.2831,4.042773,725.7921,0.912012,1.55373328024445
0.5968898,1.0027221,390.1716,5.489128,515.1859,0.8796975,1.28982940737677
0.6959282,0.9942416,251.206,3.396386,285.0001,0.7561686,1.05659024787734
1.2531569,0.9917837,263.1437,5.794168,899.0805,0.8740329,1.5340385802892
0.8455656,1.0085925,318.0137,5.426019,568.0606,0.7043073,1.24632605031785
1.1136506,1.0082079,418.7976,5.907028,813.4895,0.9345544,1.61149173361861
0.8210447,1.0081175,385.6326,9.386099,870.8763,0.7257768,1.35588106824371
1.2186185,0.9962589,434.0805,6.656357,803.0381,0.7681752,1.55419366245505
0.9935387,0.9929104,387.1086,9.752185,704.954,0.9613454,1.58157801787183
1.0428984,1.0013879,422.1002,4.234742,871.2535,0.9775178,1.62152931479682
1.164112,0.9934364,489.4788,5.638519,794.8371,0.7823034,1.5563455593195
0.8423599,1.0069246,489.1248,4.097247,890.4292,0.730298,1.3505027929581
0.7661213,0.9914406,296.461,8.558804,362.3151,0.9771921,1.43537701388676
1.4333352,1.0045001,518.2279,7.490006,599.6469,0.9518684,1.68842451881476
1.4313297,0.9946371,336.5424,5.569363,387.7707,0.903516,1.60325824074569
0.8961125,0.9939534,308.2235,8.702312,566.4651,0.9896034,1.53428605574326
1.3891877,0.9952484,267.2185,7.917539,260.7931,0.9366717,1.56966250889108
0.7007595,0.9931358,214.6329,6.591842,452.656,0.877341,1.28739817967339
0.7579299,0.9927849,289.8337,8.396433,206.7515,0.9462341,1.35484285271187
0.8352622,1.0025573,289.1675,6.974833,848.6123,0.7702478,1.32680146599898
1.1809972,0.9976106,391.48,3.526047,489.1657,0.8128351,1.50952349462949
1.2981879,0.9968762,441.0615,4.143863,562.0809,0.8198515,1.57789623378569
0.6427371,1.0028683,282.8442,4.341503,458.7936,0.8878966,1.27617669942483
1.1780286,1.0071511,384.7315,4.57019,669.2678,0.9748363,1.63163730989254
0.5527273,1.0074125,213.8621,7.264309,610.1641,0.7624301,1.13971490997392
0.5347735,1.0094307,540.3826,7.425952,512.5268,0.7838108,1.20370216177776
0.6457237,0.9915974,304.652,4.081456,590.8374,0.8837409,1.29034828256321
1.4703681,0.9960817,254.9935,5.027206,625.016,0.7055839,1.45323374201787
0.6748617,1.0023417,219.6493,9.91442,626.2599,0.8337068,1.28608929059736
1.2550579,1.000051,460.2028,7.622836,987.9849,0.7708463,1.5869683408635
0.9171018,1.008696,394.9316,8.978489,626.968,0.8398601,1.47525884370405
1.2260047,1.0034369,227.617,4.226364,342.3941,0.9997169,1.56270887037016
1.2711223,0.9928606,438.3528,7.894332,349.0575,0.731077,1.54671382017531
1.2040629,0.9964989,316.0446,3.286662,550.1973,0.7328568,1.41128329478123
1.4336269,0.9904105,392.6576,4.896984,870.7389,0.9316063,1.65195207259202
1.3135346,1.0076607,244.5919,9.078093,272.2875,0.9152991,1.53321660551502
0.8598333,1.0013571,284.3867,7.367506,421.6021,0.8501326,1.37006198427913
0.8150319,0.9993095,490.573,9.210663,605.6634,0.8541237,1.45199531057123
0.6658366,1.0054243,232.1401,4.91493,620.3608,0.8135746,1.20526503514255
1.4823142,1.0098294,461.4144,4.916646,281.0984,0.7722767,1.62321240431966
1.3914334,1.0093202,226.8498,6.652674,490.8477,0.9894136,1.60553266772267
0.7671998,0.9955044,392.4422,6.038432,710.962,0.9922873,1.51867582000419
0.8480832,0.9967937,327.8014,5.670908,954.2241,0.9200364,1.48795372016525
1.1777108,0.9933186,246.3571,9.93694,696.6165,0.8672187,1.5080121171728
1.0465617,0.9986565,290.3951,4.315669,672.0243,0.8703499,1.46774495088448
1.2129238,1.0027799,328.8606,7.388699,491.4782,0.7003347,1.45978273901842
0.6781624,0.9987774,535.856,3.340241,353.7124,0.8485109,1.27473166766001
1.4455912,1.0038917,329.6641,3.637569,956.1386,0.8834704,1.60835103376828
0.6176647,1.0092741,505.576,5.548001,201.6367,0.7092294,1.08857264087149
0.9080363,0.9999257,474.1331,8.464013,273.762,0.8474169,1.462449913303
0.5852179,0.9907551,339.7081,8.232669,656.8831,0.7997757,1.23148694448907
1.0583447,1.0000584,211.5034,6.20918,503.8173,0.7802121,1.33632368246472
1.2372604,1.0052715,354.0802,8.22835,760.9622,0.9653686,1.63630348510074
0.7962357,0.9926867,403.8237,4.249428,226.4438,0.7616563,1.22949643403836
0.7021128,0.9903445,317.1833,3.382977,229.836,0.8147431,1.15068757532876
0.504343,0.9900327,426.5014,7.984611,296.8491,0.9997517,1.37613448746542
1.3640548,1.0053883,488.1116,5.936433,545.1376,0.7736971,1.61208154850549
0.5977863,0.9995172,222.4585,8.482298,525.888,0.936924,1.34983903671946
0.6639369,1.0041405,523.8059,6.074518,225.9252,0.7144193,1.15266097950181
1.493606,0.9928102,397.0757,6.310207,812.0763,0.9970489,1.68955731483469
1.4527532,0.9919953,373.8898,6.70762,383.2818,0.9588452,1.64854690547901
1.4009108,0.9982482,482.0738,5.312897,282.8382,0.9404084,1.6592358583469
0.5561705,1.0052469,224.7393,9.611585,838.5367,0.7495588,1.17969698894522
0.9564328,1.0095065,311.0817,5.782567,306.173,0.9227819,1.46475271297579
0.6694541,0.9963032,405.2476,3.134156,492.4367,0.8288394,1.22902768603713
1.3445854,1.0002349,380.8164,6.338073,438.1662,0.7566867,1.54714054471128
0.8012922,1.001304,325.2892,7.072625,431.3247,0.8640489,1.36898031736964
1.0755251,0.9989182,459.0806,5.341933,522.4736,0.7804249,1.5030218070634
1.087901,0.9951253,411.879,6.208961,541.532,0.8556144,1.5363211604111
0.8555042,1.0026874,227.6124,6.78454,703.4132,0.9831516,1.5059549206051
1.2868607,0.9986517,299.783,3.48088,360.5193,0.7914503,1.4612882101021
1.0459602,0.9957164,362.5347,5.345815,335.7393,0.8620313,1.47906856158268
1.0035492,0.9961364,494.6934,5.946954,706.3816,0.8322472,1.52818197148669
0.7898361,0.9966179,243.5814,5.523022,645.8432,0.8567477,1.33192829284557
1.1504871,0.991274,371.9665,4.061928,862.0878,0.7881524,1.49191793829444
1.2974488,1.0094474,228.2855,3.909838,976.9804,0.7966314,1.4503114425718
1.3527851,0.9900516,432.4857,6.381127,859.2337,0.7096125,1.56225464602783
0.5833142,0.9938604,536.6517,4.165519,835.212,0.9311987,1.38397643252298
1.3132914,0.9961935,483.4454,7.11905,560.0225,0.7970963,1.60531820902423
0.8587102,1.0004488,349.8455,3.838948,407.7319,0.8812853,1.39579681125666
1.1874502,0.9926181,535.3403,4.528394,311.836,0.8035669,1.56283910768455
1.1214336,0.9998074,420.9066,7.753383,253.0024,0.7945714,1.51019002161231
1.298729,0.9960112,376.4858,4.965624,865.3023,0.8986117,1.61020781265825
1.3137702,1.0060066,326.3811,3.679068,872.9897,0.999888,1.66416489512387
0.5277092,1.0036867,318.7277,9.92195,805.4612,0.9756614,1.42398970146796
1.3619079,1.0097045,531.7673,9.852093,996.5573,0.7756345,1.64929659241559
0.9065536,1.0088558,409.348,6.279727,384.5009,0.8240627,1.42602762152535
0.6788317,0.9954054,517.7346,9.874027,411.0525,0.8095285,1.3121251123454
0.5624812,0.9917263,213.9094,8.618805,607.1572,0.8495409,1.2541495435712
1.0068438,0.9972075,225.7916,6.489187,848.6026,0.8025965,1.3814804672242
0.6115476,0.9943598,267.4452,6.554447,679.3558,0.7109354,1.10592185511527
0.767734,0.9911706,311.5076,4.825287,744.0157,0.9963109,1.51180581938961
1.1625876,0.9924246,298.5628,8.025958,382.5668,0.8133893,1.47229294734352
1.3304557,0.9994962,498.1557,7.614203,922.5249,0.9926014,1.69067680694565
1.4480827,1.0071789,378.7947,5.5542,760.9042,0.8294635,1.61070450203718
0.6533498,0.9947043,516.2359,6.901186,630.7062,0.921496,1.40055136965482
1.0222619,0.9902414,257.7692,5.799917,550.448,0.8419285,1.41163483178673
0.7878374,0.9953493,231.7179,9.692535,492.3029,0.8174922,1.305099872086
0.9890178,1.0045402,424.2526,6.797577,325.2421,0.8969385,1.51691897974423
1.4155753,0.995327,500.9965,5.237076,558.295,0.8606682,1.64819619056464
1.3796337,1.0068888,215.9949,7.342299,851.9542,0.9881064,1.62198403407151
0.5636504,1.0023801,208.035,4.505399,292.0618,0.9104808,1.2328737651486
1.0498803,0.9901573,327.552,9.313588,747.6589,0.8968635,1.53698841958812
1.1281408,0.9963169,484.36,7.281811,593.3181,0.9262757,1.61462216628428
1.2652124,0.9935944,509.4213,4.167902,700.0723,0.9181477,1.64056793048017
0.9747452,0.9974652,239.9379,7.588377,821.2209,0.8222849,1.40669758387942
1.3339212,1.0059846,243.5298,3.624206,799.8662,0.9042147,1.54948433287141
0.6059822,0.991456,315.8202,5.475318,352.13,0.7722829,1.12382267574013
1.2935918,1.0053077,450.1782,8.365095,944.3227,0.917669,1.6534338853976
0.65625,0.990899,267.0066,3.036557,970.0775,0.8076301,1.19165003663821
0.869194,1.0063838,226.7686,7.401263,581.6716,0.8642927,1.3788103858292
0.8378204,0.9964955,258.3639,6.836551,300.3805,0.8596124,1.32585187518174
0.7612759,1.0061161,504.6519,7.42003,646.246,0.7580974,1.34035264402236
1.3840646,0.9939154,319.8743,9.317032,220.7025,0.839618,1.55435848892098
0.9423926,1.0022334,412.2815,8.83398,476.4344,0.727564,1.41286623898899
1.0898335,1.0024664,401.7904,6.033761,814.7122,0.9535848,1.6112883381857
0.8983441,1.0075677,529.7065,8.420915,833.8689,0.9123235,1.56094788664865
0.6279338,0.994402,445.5352,6.561873,840.1148,0.8976307,1.3732817980263
0.6320791,0.9921151,257.0915,8.995898,579.5965,0.9418728,1.37795610989574
1.267749,1.0062429,500.0102,7.310212,560.4181,0.8950195,1.6391034123431
0.7433708,1.0005931,329.5279,7.071294,755.1321,0.8457785,1.35615802588217
1.2546968,0.9949398,229.9465,6.581353,502.4923,0.9850337,1.57566724166149
0.647987,1.005763,430.3408,3.593859,838.6944,0.9357348,1.40755501250154
0.9430555,1.0071884,282.2522,9.828382,686.9595,0.9597801,1.53383428850357
1.2564501,0.9964878,347.9799,6.750281,211.3432,0.9685555,1.59107452407348
0.8477162,0.9917411,434.7408,6.172563,760.0893,0.8150949,1.41637902469553
0.8626459,0.9929222,313.7629,7.010845,389.4074,0.9375526,1.45116306503378
1.4313038,1.008625,351.4937,7.00469,256.9776,0.9630713,1.63716270110717
1.3559306,0.9923912,518.6775,3.801039,605.5014,0.8775189,1.64029894575494
0.685331,0.9989192,216.4831,5.364247,603.0072,0.7290796,1.1086789081659
1.320901,1.0027409,434.4214,4.822534,502.1276,0.9693287,1.6564647848952
0.8677499,0.9979321,250.2814,8.561094,604.8387,0.9459426,1.47171392957709
0.8746659,1.0057766,449.7294,5.594406,827.5934,0.8827174,1.49760602074255
1.0379059,1.0077233,456.5925,9.818608,382.1109,0.8837502,1.55764013481193
1.0394712,1.0025382,256.5472,7.268366,467.2845,0.7505978,1.35748638722864
0.6514458,1.0005482,399.0656,8.552096,549.7078,0.8128139,1.28187741304073
1.011302,1.007825,500.8238,4.624225,536.0748,0.7659185,1.48114557279666
0.6653149,1.0034264,294.7652,8.139921,618.1916,0.7745799,1.22953135292999
1.0653916,0.9987437,469.2543,6.994777,770.9869,0.828523,1.55137257939577
0.9423009,1.0024407,461.2828,6.053976,363.8753,0.7250501,1.4001142856872
1.2340409,1.0044959,513.4372,3.271821,222.2352,0.9302562,1.61966174149629
1.431291,1.0020425,228.8451,9.143794,217.5207,0.7823524,1.46990588883513
1.1013573,1.0016791,490.1236,6.856768,995.0526,0.8571338,1.59196811397257
0.5069155,1.0053488,511.2796,4.837763,377.8951,0.7530325,1.09599484842589
1.4866999,0.9930205,452.9674,5.195409,716.6547,0.7931107,1.62746665532454
0.7022086,1.0051877,547.7684,4.780048,622.8476,0.7055729,1.21405126101227
0.9684438,1.0033923,352.7538,8.338813,990.8531,0.8942896,1.53616337341805
1.3285061,0.9929921,219.9829,8.466277,218.5009,0.9425585,1.51422983695764
0.8055768,1.003088,385.6127,7.780751,621.9838,0.7465292,1.32502088054287
1.3319876,0.9976152,266.0866,8.149965,623.7516,0.7453282,1.48024218105746
1.2595006,1.0088023,544.4739,5.386862,823.3253,0.9117813,1.65623226766476
0.6583217,1.0024575,414.3769,3.642692,288.5842,0.9449851,1.34222981166779
0.6474234,0.9983524,538.9459,6.790565,700.487,0.8264556,1.31639218249087
1.1865147,0.9917653,263.3324,5.039154,369.9063,0.7798259,1.40137755474945
1.3288094,1.0037252,259.825,3.608432,554.1152,0.8696858,1.51613103085218
1.1083881,0.9955465,535.6224,7.66434,877.182,0.7655574,1.56129545599976
1.1448583,1.0044946,548.7495,8.22824,605.5325,0.9785789,1.65733490293523
0.5678669,1.0086736,515.0693,6.46219,938.0485,0.8758276,1.33816664870691
0.7194277,1.0049097,367.0236,7.462507,736.936,0.7762257,1.29038351186888
1.1775314,1.0051986,217.5516,8.191582,871.5607,0.8392524,1.47533723104592
0.882462,1.0040396,310.1099,8.901343,930.7229,0.8807654,1.4763951072116
1.3755154,1.0019918,283.8901,6.248436,589.9445,0.8964461,1.57922189001914
1.0404481,0.9919456,330.7275,7.358555,723.847,0.7577606,1.43162409623278
0.6260865,1.0013739,401.3908,8.072142,914.4456,0.9061958,1.39156517414066
1.3628436,1.0095971,433.7911,9.293142,299.3068,0.8356449,1.61727198418117
0.7453911,1.0051911,407.8719,8.640839,657.0877,0.8291311,1.36965060967863
0.7370922,0.995309,480.8111,7.371769,870.4016,0.942868,1.4862586042439
1.4643298,1.0046686,548.3284,4.481101,960.7025,0.7018279,1.63851866421308
1.2716867,1.0018219,331.8407,6.916778,868.8892,0.9918835,1.65357100165303
1.3567545,0.9989729,231.8153,6.669266,893.0635,0.8082808,1.49723893684982
0.6302582,0.994059,501.6915,7.720135,948.5526,0.7159611,1.22324245592646
1.2236611,1.0007237,499.8707,4.92903,818.2012,0.9428262,1.65076389816132
0.8356052,0.9972703,496.7343,8.419279,718.7703,0.9558325,1.54202877315262
0.9740247,1.0059571,226.2325,8.207982,562.1336,0.926471,1.47245895223593
1.4706081,0.9985186,209.0214,4.471905,528.3926,0.8781721,1.51425917599319
0.803926,0.9939032,467.7271,5.970399,671.4223,0.864393,1.4316959526451
1.4778579,1.000737,279.5244,5.925596,257.8406,0.8513104,1.54683721200426
1.2378423,1.0055804,348.9447,8.143832,689.0983,0.7414799,1.51788206283353
0.6336348,0.9945965,325.2783,8.985745,616.9112,0.9322321,1.38396041861194
0.9821512,0.992079,435.1706,3.439367,410.1158,0.7439554,1.38415619682947
1.2761774,0.9917718,243.5907,7.393918,750.1853,0.8808784,1.53117856866103
0.8519738,0.9943313,214.7469,9.602615,279.4383,0.8368673,1.30191926018473
1.1311137,1.007293,275.6227,6.20642,602.5559,0.7523696,1.41293451504127
1.1764196,1.002643,524.7469,3.56307,826.474,0.9029385,1.62256210794616
1.3905196,0.9921886,226.9069,7.177398,695.5844,0.9430823,1.58244300503806
1.3620316,1.0079343,243.7664,4.706612,408.4586,0.9042826,1.53699393833891
0.8533384,1.0093313,547.37,5.478466,951.573,0.8268812,1.475590514438
0.5099056,0.9982228,283.2516,7.579901,695.7688,0.9469634,1.37230330612999
1.3643079,1.0052011,242.9829,3.783183,639.03,0.8441754,1.49877545552365
0.5103506,0.9983398,367.7519,5.091619,530.2529,0.7367917,1.07995144934936
1.4781047,1.0082754,274.0522,8.020636,678.4413,0.8612325,1.58698314198597
0.8115067,1.0047818,390.8316,7.331966,778.5959,0.728978,1.32495786398003
1.4634831,0.9997778,272.6156,6.071441,774.5771,0.8324271,1.55778942267999
1.1979851,1.0063936,363.1132,3.57946,574.4123,0.8999884,1.56883747767822
0.6297275,0.9971123,292.4566,9.184409,871.6666,0.9076472,1.37950305115381
0.7286314,0.9939713,244.5169,4.637236,348.7647,0.7678897,1.13665910904572
1.0715289,0.9929339,268.7675,7.253031,784.3993,0.7029831,1.36387273909474
1.4491459,0.9968409,403.7299,3.064882,763.0057,0.8967672,1.6335417650944
0.8581193,0.9985971,506.6429,4.988482,534.376,0.7842042,1.39832930413937
1.1057192,0.9917991,337.2582,6.801654,947.2007,0.9760084,1.61603263884408
0.8339837,1.0073273,543.9072,6.028768,364.8289,0.8153356,1.41303986298069
0.6553943,0.9973298,394.9761,3.702803,646.5004,0.8174611,1.23317315319634
1.3315635,0.994894,318.1093,4.235501,626.1538,0.8563999,1.55102307624369
1.0923413,1.0073675,285.5736,6.950515,235.0161,0.754876,1.38143986348769
1.2649013,0.9966662,384.7174,9.347482,474.3474,0.7778823,1.5528647776931
1.0575109,0.9995098,492.641,5.49872,737.6337,0.9489842,1.61541089288814
0.6617565,1.0005861,500.3991,7.062841,802.0385,0.9333793,1.43341675901503
0.6587977,0.9943898,457.585,8.739505,507.2506,0.9437996,1.40834740488789
0.6467851,1.0024002,249.0089,5.910022,592.7939,0.8114833,1.21292801269788
1.1511997,1.0052139,420.6303,4.716178,268.2199,0.8004641,1.50757187225608
1.2517023,1.0083367,375.5186,6.90572,842.2408,0.7057924,1.51799598206532
1.4754444,1.0004397,352.2748,6.390855,572.2336,0.9614849,1.65719480132673
1.468175,0.9901851,336.1479,5.746354,679.3765,0.9403579,1.63956337828729
0.9525455,1.0036224,524.136,7.952214,851.5935,0.8551709,1.54820513094783
1.2066818,1.0082261,345.283,8.339059,365.3735,0.9190666,1.57897046111232
0.818521,1.0019751,336.2089,3.997313,792.0259,0.9001239,1.43297567114114
0.5460992,1.0049827,394.9244,7.299328,264.4498,0.8374493,1.19890690086622
1.0065657,1.0043351,325.9689,6.046174,548.4676,0.7210188,1.36883089459794
0.5275868,0.9988603,225.9706,3.76277,572.5548,0.8588027,1.19624933307386
1.1104755,0.9997186,505.67,5.241775,895.6769,0.8208756,1.56770057311058
1.4918308,1.0034969,500.1263,8.565662,853.9371,0.8183236,1.66818741624497
1.1627582,0.9993136,225.8385,5.393723,371.214,0.8369132,1.41016950313362
1.2071491,0.9917155,483.2162,3.38063,849.8376,0.9768564,1.65869772930821
0.7093826,0.9963424,332.0787,9.423077,836.9838,0.7547318,1.27887147273697
1.4117135,0.9936393,441.2715,7.163019,731.6322,0.9372681,1.66504182444693
0.7512661,1.0065032,222.5426,8.441425,629.0901,0.773068,1.25013518754235
1.019165,0.9978414,358.1431,6.861688,670.6994,0.9841498,1.59246647384132
1.2563713,1.0019067,423.8436,9.82147,427.2478,0.7168681,1.54917078802682
0.7781941,1.004926,445.8268,4.735728,727.1144,0.9270811,1.469393304074
1.2170894,1.0035417,482.9855,7.300025,778.2437,0.806575,1.59369459917991
0.7091416,0.9980701,386.9929,6.895827,374.1351,0.7734353,1.23777092513187
1.0097608,0.9923905,516.5037,6.580164,588.3655,0.7583603,1.49389684707022
0.5802088,1.0092284,476.1063,4.917645,638.5413,0.9123357,1.34309879127222
0.5053347,0.9983111,428.8825,3.181621,617.1417,0.7725041,1.09061108735494
1.4859625,0.9977404,245.8654,8.479278,710.1942,0.9748644,1.63305298344778
1.3176349,1.0025321,247.1181,9.908716,842.7269,0.9165158,1.58278412889169
1.2796866,0.9954211,289.2057,7.10253,670.3512,0.8114159,1.5148898422263
0.9598851,1.0068711,271.8295,6.641958,765.5713,0.850697,1.43840876594316
0.672578,1.0053095,319.6795,6.251984,727.4859,0.7367272,1.18640830504338
0.6140528,0.9942356,375.6394,3.299463,431.5565,0.9128226,1.29839231872147
1.4773056,0.999122,379.6997,8.304439,833.8669,0.7140342,1.58657219601954
1.049835,0.9905977,479.3263,8.595723,915.7841,0.8049572,1.54687570220556
0.871506,0.9902953,527.9529,3.151896,730.9811,0.7026873,1.32918213756762
1.0673205,0.9966166,536.8061,5.158496,365.9311,0.7959856,1.52470059297834
0.9392792,1.0081255,406.0396,5.034075,441.1283,0.8208583,1.43481023676128
1.4977135,1.0031312,505.0819,7.383365,832.3312,0.7529904,1.65368371120499
1.1286358,0.9914616,229.2392,5.752511,922.3935,0.9721703,1.57315630340253
0.7373404,0.997821,367.6709,7.233869,991.7992,0.8404811,1.37814604388726
0.675067,1.0097899,251.161,3.32907,940.4919,0.7508527,1.12630082357546
1.4181657,0.9923998,215.1299,7.821637,563.5451,0.8579415,1.51456318167301
1.2991836,1.0021402,299.4943,3.556777,978.403,0.7827394,1.49273712032643
0.7471969,0.9952984,210.3213,3.995608,974.2411,0.7912115,1.21660299462788
0.9265861,1.0004411,372.361,4.715393,909.9958,0.7084802,1.34358621214297
0.9077965,1.0065434,260.459,7.417239,308.3908,0.9604386,1.45660481358087
1.4603786,1.0013113,363.281,6.384641,443.2067,0.8489433,1.60578819096174
0.7770262,1.0085177,347.3135,4.054449,806.5093,0.9416933,1.46717822045728
0.7504482,0.9956013,423.1523,3.596484,691.7403,0.9451104,1.45612637137943
0.8237989,0.9978557,299.1014,8.477939,706.543,0.9302642,1.46876799016246
0.8812221,1.0080114,371.7053,4.001629,620.9858,0.9680048,1.53182656869354
1.1900535,1.0088797,269.3241,7.15054,565.8799,0.9611634,1.57730149867439
1.1229116,1.0074836,514.5611,6.185359,690.4859,0.8729194,1.60056791039381
0.7042302,1.0037726,279.7386,7.264487,740.2064,0.9405468,1.42289962683356
0.9641265,1.0058068,332.5515,3.947004,879.2556,0.8369173,1.44219455531727
1.1391189,1.004831,349.1432,6.081059,845.8953,0.8028836,1.51083773160492
0.735189,0.9956162,359.0393,6.074297,698.7055,0.774627,1.27200105383741
0.7010623,1.0034105,348.3824,3.057388,361.1464,0.7399104,1.09897743902612
1.0106588,1.0099876,368.3704,6.771689,505.3096,0.8339844,1.48111247108166
1.1745186,1.0076097,227.1868,3.373189,292.5207,0.8332481,1.37983621032779
1.4763201,1.0022497,454.5398,3.389525,672.1903,0.771329,1.61110516704061
1.0844122,0.9910186,475.8312,7.128419,375.7478,0.8622456,1.55317695686499
1.4669903,1.0051174,427.5025,8.584957,201.5981,0.9259666,1.6527334307954
0.8805522,0.9902922,236.3318,3.395021,434.1158,0.7804118,1.21555930773218
0.7429399,1.0086777,366.714,4.767074,272.9987,0.8200992,1.25391474850242
0.9827455,0.9997974,238.8432,4.412426,344.4325,0.7583001,1.26249893767557
0.9581964,0.9910856,514.2663,9.462523,473.3934,0.892795,1.5458953417889
1.4678557,1.0083971,476.289,8.621878,240.6983,0.9722633,1.68177743146063
1.3278624,1.0020381,386.4065,8.189872,312.5776,0.8860469,1.60255415847281
1.3601079,1.0003817,530.4064,3.592734,714.5092,0.7233495,1.59504477868267
0.6369563,1.0071335,354.392,6.821387,727.3858,0.9715023,1.43929468404483
0.8720959,1.0026809,542.8221,8.648624,639.4994,0.9881002,1.58370289338381
1.2362964,0.9999154,312.4151,3.395486,598.8892,0.9073265,1.55623759711105
1.3860594,1.006759,401.5695,5.887835,406.2505,0.8088383,1.58998264855862
1.3140904,0.9947691,257.9712,5.581812,951.2828,0.8893273,1.55829221012848
1.2136134,1.001785,343.9723,9.408446,940.4617,0.8088433,1.55517954120323
0.6404985,0.9942258,212.9509,6.369,650.1606,0.9786238,1.41934103043808
0.9501594,0.9991135,223.0167,6.400303,320.155,0.754701,1.25921447031101
0.5248091,1.007422,543.3259,3.286249,619.84,0.8300512,1.19551412543882
0.8802769,0.992985,404.9903,4.159946,720.8504,0.9569706,1.53389296902254
1.0083824,0.9909341,365.6869,4.798166,575.8436,0.9637256,1.56311505172869
0.5430995,0.9941725,247.4422,6.865505,416.1935,0.9235067,1.30323736941459
0.9442778,0.9916734,202.9072,9.381016,614.3489,0.752391,1.30526051275223
1.0351873,1.001507,334.7278,8.029383,339.2679,0.7797945,1.42814822409206
0.7936503,0.9936917,380.0678,5.086607,768.7642,0.8742712,1.41087664433354
0.9285177,1.0067469,354.6224,6.877024,594.9999,0.953448,1.53593362185005
1.1726892,0.9962554,357.904,4.23645,476.5506,0.88799,1.54430275608188
1.1012142,0.9920594,405.9423,4.076008,790.3305,0.892119,1.56130777357565
1.4609443,1.002301,229.7996,5.504573,605.5196,0.8145966,1.50197871438937
1.3835987,1.0066952,232.9076,7.775851,937.4885,0.8342736,1.53428319592106
0.8378874,0.9985454,465.9743,6.90474,322.0194,0.7323247,1.33176854935857
0.6109271,1.0088295,475.9221,3.131932,856.5589,0.8828675,1.32099784745355
1.3556109,0.993565,298.2224,7.328759,625.3241,0.9625114,1.62277922622349
1.4536906,1.0058711,357.5155,7.46713,488.1941,0.7109108,1.55783434986608
0.7453128,0.9991164,546.4692,3.015034,270.5351,0.8012383,1.2633546973537
0.5331212,0.9936495,539.0279,8.238013,543.6992,0.8661594,1.29376308931899
1.0147609,1.0081649,532.4505,9.104917,536.1343,0.7006975,1.49890423244827
0.8183501,0.9962713,506.7784,7.855527,714.7045,0.7476541,1.38351093840202
0.7598228,1.0000987,474.4444,8.215488,394.3558,0.9562947,1.46099764739053
0.7112599,0.9945736,511.096,8.978015,502.6666,0.7564621,1.29825207802056
0.6955194,0.9957467,483.3018,7.295031,332.6418,0.9579565,1.41094552916504
0.5776065,1.0008806,530.7756,3.63664,876.9511,0.7159922,1.10525826346478
1.4436602,1.0009769,276.0887,8.068159,412.4871,0.9657276,1.6189347754579
1.2466312,0.9952806,475.703,3.059849,847.5591,0.7784097,1.55302497487422
0.8031978,0.9961072,461.963,5.093462,336.1916,0.9786297,1.48630124296176
1.0316507,0.991027,469.1191,3.90762,681.5646,0.9192345,1.57207315823248
1.3453857,1.0026076,543.902,7.646034,385.3193,0.9663428,1.67852881938187
1.0733255,1.0000899,359.835,8.824478,820.5841,0.8417393,1.53080541458407
1.2308315,1.0006721,494.6146,3.526376,784.2009,0.795419,1.57048544586577
0.5899559,1.0019273,281.4655,5.622194,624.9298,0.7718667,1.14952653859497
1.3865561,1.0003757,371.3665,5.678155,542.3766,0.7564245,1.55173297145021
0.9603496,1.0006073,271.1507,5.033159,900.9127,0.7700497,1.35304066157319
1.0758376,1.002376,411.15,8.888242,533.0363,0.7791524,1.50822186998918
0.9417649,1.0084723,271.0146,7.466186,470.2494,0.9626244,1.50401730526458
1.3146902,0.999561,511.0111,5.970065,238.2289,0.7482489,1.5862110958003
1.155601,1.0067653,265.514,6.06108,986.9125,0.9214087,1.56200931554351
0.7557076,1.0012505,282.6364,6.679592,869.2798,0.8908601,1.40206964923421
1.0756875,1.005138,285.3338,8.129434,414.5835,0.73277,1.39089627255131
1.0244244,1.0087944,515.1831,9.808106,610.2506,0.707071,1.50765452024319
0.8399759,0.9999457,211.1008,9.130145,399.0548,0.8331783,1.31425738338737
0.8093134,0.9914903,350.5039,3.541567,766.8571,0.9183566,1.44399417714991
1.0166624,0.9924749,479.4903,4.633192,740.0964,0.7461875,1.4641132380062
0.9330127,1.0094838,281.9455,4.693905,887.5176,0.701282,1.28116186191384
0.707932,0.9917776,500.5088,6.123295,895.5099,0.7731271,1.30765253837442
0.8992908,1.0091699,481.5455,5.473153,906.4973,0.9106497,1.54512419063743
0.7141497,1.0002125,440.7476,4.815622,636.8976,0.9260453,1.41997733120236
0.8583047,1.0016542,542.5215,5.262343,979.5838,0.8380864,1.48228104075074
1.2189014,1.0076065,480.7157,4.452931,350.6276,0.7806884,1.55280921475622
0.9526873,1.0009173,491.5337,3.179025,346.3473,0.9234894,1.5243846403666
1.4627952,1.0034827,359.1045,5.387806,386.4723,0.9032112,1.62263962022793
1.1891147,1.0060109,382.5053,3.702321,285.0139,0.8058266,1.49611618158239
1.3077068,0.9974024,248.1571,6.909994,557.4061,0.7865828,1.46779476458659
0.6993697,0.9965014,309.5325,4.31967,827.3522,0.7551438,1.18576337828033
1.0369845,1.0002591,509.1572,8.292125,205.7318,0.9061532,1.55480826890746
0.9377747,1.0028128,429.1246,4.707713,253.6758,0.8251622,1.41915792893802
1.1357148,1.0010582,374.1545,7.635534,316.814,0.8425054,1.52180861450989
0.5086506,1.0068922,420.9029,5.294184,756.0457,0.7092218,1.07901048356261
1.4097524,0.9944095,494.1926,7.116978,680.4559,0.9900578,1.69079335392911
0.9934822,1.00384,322.9612,7.040958,291.0222,0.7312833,1.35536624023083
0.7737698,1.0041181,467.8203,8.140937,895.0374,0.7903114,1.38839624313581
1.4490963,0.9991148,463.0203,8.114028,972.6204,0.7444029,1.62875887456626
1.1348202,1.0077863,478.0136,7.76178,519.0915,0.7937177,1.55876987843073
1.3208505,0.9949629,317.4294,4.309767,725.8432,0.8749048,1.56567028763348
0.9114608,1.0021508,273.4938,5.716434,685.8471,0.9624906,1.51423848663507
1.1322829,1.0015409,404.8808,3.094826,659.7338,0.817145,1.50768669947952
1.0030947,0.9984145,276.0834,6.849348,229.9559,0.9164249,1.44159520891176
0.8082926,0.9979045,306.5581,8.735882,273.9249,0.9650717,1.42771755891999
0.5704258,1.0084428,264.5656,4.940193,244.7813,0.816761,1.11515616208822
1.3592185,0.9984704,377.3158,8.435607,294.0714,0.7008914,1.53450470240386
0.6395689,1.0092532,530.26,3.139221,499.4319,0.7216078,1.11575992086458
1.0679367,0.9949813,327.8389,7.387914,669.103,0.8167643,1.47827159647666
0.8032767,1.0026748,277.0468,9.556109,802.3814,0.8736395,1.41648357931535
0.5017889,1.0006826,473.6077,7.378321,579.8438,0.9088716,1.32617776565779
1.4962361,1.0025694,493.0524,8.857993,346.48,0.9717913,1.69158127473699
1.4371831,1.0082925,338.9726,4.585939,444.8383,0.8745551,1.59598223667758
0.6774214,1.0041775,530.0117,3.256231,794.8387,0.9945495,1.50056126526839
1.1972254,0.9942201,416.9873,8.337522,475.687,0.9343229,1.61232033706825
1.1120403,0.990069,203.3022,3.992188,494.9379,0.9106181,1.44294994373392
1.4201731,0.9985943,288.9913,5.970639,546.9113,0.7009949,1.47875009515125
1.1046631,1.0038309,290.5592,5.540535,489.9185,0.7557669,1.39983805090102
1.1451737,1.0021031,353.6283,3.545313,267.8402,0.9761872,1.57636337618842
1.254583,0.9912642,357.2476,8.651769,210.4128,0.7299,1.49151597464918
1.0380926,1.0015482,356.6822,7.75453,933.5381,0.8085133,1.49739853638772
0.6977683,1.0058577,381.8995,8.302355,343.1269,0.9661215,1.40950979743192
0.843742,1.0009702,358.3248,4.096624,496.5949,0.9419304,1.46840746085477
0.9362417,0.9953771,224.4621,4.191328,719.0784,0.7781839,1.28231284811687
1.0231318,0.9971612,222.9714,6.677942,578.1488,0.972542,1.52083623019516
1.1578383,0.9920885,373.0647,5.963286,312.1211,0.7815767,1.4809371423714
0.9600321,0.9999038,458.5819,5.678455,565.8685,0.7040933,1.40510649111458
1.1851955,0.9979845,452.5095,5.083038,613.336,0.7328119,1.51747693348129
1.1746104,1.0003843,487.4037,6.545607,284.8244,0.7612854,1.53984657839955
1.1488694,1.0085252,496.0189,4.687242,594.2784,0.937179,1.6265663000918
0.8626942,0.9971075,275.3525,8.637175,562.7916,0.8867754,1.42273588133431
0.7114436,0.9931263,519.9857,8.214002,471.2029,0.7501381,1.28455368864821
0.7049392,0.993623,424.9401,5.562699,372.1114,0.874249,1.32526721351327
0.7893951,0.9957548,238.0989,4.684876,526.9626,0.814282,1.25256491132543
1.3996805,0.995451,321.9715,6.18185,534.2793,0.9681515,1.63628542756956
1.122465,0.9905179,328.6674,5.842037,446.7981,0.7006565,1.39515183319461
1.2897256,0.9964851,343.7636,8.933866,609.2865,0.9142564,1.60646153133899
1.0984393,1.0052772,285.2248,4.866875,946.2198,0.7755137,1.42783744646251
0.9934233,0.9995452,205.5021,3.335944,310.6922,0.9480353,1.42249531680578
0.6246975,0.9966023,200.3435,9.930851,443.7772,0.9582604,1.36514257094387
0.5897149,1.0003848,346.5403,7.116168,430.5902,0.9293593,1.33587200509375
1.3738784,0.9951374,321.1611,4.064252,729.8743,0.9324157,1.61437997548819
1.3202448,0.9999971,383.2364,3.157351,504.127,0.7905973,1.53117121199648
0.8831576,0.9926404,420.4866,8.573444,532.9386,0.7859172,1.41442534907815
0.690168,1.0042461,485.0383,5.97424,649.7057,0.9572079,1.45242362097193
0.7042346,1.0036225,520.6383,6.994062,975.1614,0.8930565,1.4367085977131
0.7203905,0.9954456,508.9124,6.717496,739.3974,0.7289395,1.27832904707526
1.4062483,0.9906898,453.6666,9.205886,534.8256,0.7118213,1.5979800263094
1.4277392,0.9988614,525.537,8.550965,794.4638,0.9628067,1.69351297322122
0.744945,0.994479,268.9945,4.891131,290.0574,0.8659049,1.26423641331891
0.8919586,0.9955639,481.4582,5.029653,296.2308,0.9274222,1.49297964332301
0.6020819,1.0016083,475.2216,8.505986,686.8588,0.9033691,1.36798517577422
1.1583798,1.0042601,330.9233,3.86306,526.4747,0.8851026,1.52820769625195
0.704315,0.996431,404.6602,6.372846,257.0452,0.9315233,1.35564264829876
0.9267836,1.0043109,340.1403,8.306985,899.2698,0.9215916,1.53231446179905
0.5517627,1.0058213,323.8652,4.427001,840.9767,0.9557238,1.3934815249147
1.4726293,0.9938197,219.007,7.730358,645.9854,0.7817738,1.48842082270433
1.3500407,1.0054206,207.2006,5.577604,657.8765,0.7619255,1.41785730050774
0.889409,1.0089696,549.8827,4.537251,211.2737,0.7207487,1.36155627351005
1.221258,0.9997321,500.9009,6.315081,463.8852,0.8844373,1.61593362439551
0.6943772,1.0094557,267.1409,9.273799,232.3646,0.9679529,1.35338599704995
1.1891336,0.9991806,464.5968,8.038888,751.6498,0.8142288,1.58418254545249
0.7537501,0.9948273,333.4383,9.414907,560.1455,0.8788092,1.38671836139085
1.0068439,0.9977916,248.3585,4.963973,414.2927,0.9256682,1.45900466729818
0.8845013,1.0072195,460.9024,4.985456,648.1267,0.9976439,1.58396897619542
1.4170744,0.9922816,457.3287,7.079376,401.6209,0.7997029,1.61678538621513
1.0794413,0.9964109,444.3392,8.236817,421.8209,0.9813755,1.61125364665738
0.6915881,1.0083223,295.9565,3.03898,375.7566,0.9459793,1.35284072446792
0.8882089,0.9953535,344.5615,7.438578,650.846,0.9657456,1.53052322979562
0.8032096,1.0074219,397.0211,6.753965,742.2784,0.7077948,1.29549953512668
0.9466639,0.9988597,473.5198,4.794857,826.3475,0.7077377,1.40607945867669
1.0861187,0.9925435,338.6928,3.528506,216.7641,0.9920843,1.55070317410933
1.3461014,1.0099346,344.2622,5.480082,297.1087,0.9594605,1.61974066780306
1.1806008,1.0096257,423.6808,6.739067,863.393,0.8290771,1.57833350908068
1.4815812,1.0056206,209.0762,6.821381,334.5683,0.8790994,1.51832894806353
1.2833649,1.002381,241.7677,8.487397,239.0022,0.8263596,1.46239097373619
1.4895979,0.9999748,284.7273,8.582973,544.3578,0.9129462,1.61185653956712
1.4821677,0.9988057,398.9485,9.524769,414.5798,0.8094062,1.62183734175155
1.0276648,0.991305,515.0748,4.008154,454.344,0.8611171,1.53185071723769
0.7117977,0.9920692,262.2823,7.11793,948.6718,0.8034724,1.2864766423611
0.5370796,0.9962772,369.2647,4.199129,254.7417,0.8591837,1.17147472434901
1.1139978,0.9943793,372.0038,9.012205,482.4895,0.7605668,1.48727514959092
1.350739,0.993581,488.2757,7.690144,998.397,0.8861701,1.6552918093101
0.6445043,1.0034358,374.6177,6.095912,712.6469,0.9808705,1.45156380023057
0.979485,0.9904239,366.4685,8.504647,854.7693,0.9813228,1.59380498008984
1.270164,0.9974252,259.56,3.548276,772.7873,0.9415973,1.573604856671
1.0741803,0.990538,503.8418,4.392201,593.6156,0.9114126,1.58582262224655
1.1043866,0.9933944,281.0124,8.289397,382.8055,0.9439433,1.52817488429916
1.0685947,1.0023632,249.3819,3.390442,915.4771,0.9695339,1.56525911039073
1.053685,1.0053757,509.6118,9.877442,846.765,0.7271422,1.53336562503168
0.9116614,0.9978978,545.5685,9.087938,745.7715,0.773051,1.48579635574036
0.6165852,1.0095084,518.3025,6.537506,537.3353,0.7367931,1.1910473761681
0.8183669,1.004603,318.1216,5.545458,588.942,0.9519237,1.47309317443819
0.9961902,1.0088443,469.0925,5.276014,592.3895,0.7638423,1.46969422525089
0.7010038,0.9946719,549.5587,6.629188,497.4406,0.844536,1.34834693937361
0.860439,1.0036433,387.5797,6.934631,255.4735,0.8257622,1.37162513146656
0.6657445,0.9905154,280.9814,5.85988,955.8475,0.7785347,1.22286919196633
1.2947582,0.9969996,532.5683,3.694632,736.659,0.7138648,1.56912064250703
1.063613,1.0034883,241.1061,3.853977,697.6139,0.8867536,1.45660432850326
0.888682,0.9994642,375.7609,3.251415,844.4133,0.8239943,1.39831499738322
0.9616475,0.9920728,330.7173,8.209597,268.4127,0.7056122,1.32996090344685
0.8331517,1.0027059,477.2795,8.653695,347.4038,0.7728613,1.38049269841026
0.7007332,0.990603,281.1986,3.636569,459.5062,0.9298685,1.34772246640369
0.5962579,0.9985454,245.0318,6.641624,895.7595,0.9628543,1.41908613612948
1.2237067,1.00502,487.0414,4.886246,265.3109,0.7775687,1.55290719066373
0.6214541,0.9940966,509.7015,3.296047,683.1749,0.7711789,1.1735500334783
0.9441078,0.998872,246.0071,3.616704,238.958,0.7698863,1.22319466602438
1.270902,0.9914102,390.792,7.388117,563.1327,0.7568267,1.5385716632917
1.3798678,1.0000178,239.8521,8.769474,473.6615,0.963848,1.59162887637123
1.4931621,1.0042603,378.8976,8.446756,288.9953,0.796217,1.60557234617408
0.702955,1.0081676,256.4502,4.263386,855.4763,0.9155467,1.38141846337737
0.9823579,0.9963439,538.9082,3.585517,245.2338,0.7988892,1.45835191705378
0.6586543,1.0087201,310.399,5.893542,443.3945,0.7896797,1.19553478581312
1.413707,0.9967775,315.933,9.809097,285.6628,0.9726646,1.62404601601912
0.5909083,1.0071544,272.7002,8.854592,626.835,0.7265789,1.1528492437867
1.1424415,0.9919149,330.5642,9.369235,779.6897,0.8154462,1.51933737354938
1.0385516,1.0019704,346.1803,4.353168,524.5314,0.9705163,1.56942331430514
1.1507092,1.0044163,540.3919,9.041203,659.718,0.9454427,1.64688595186889
1.0967638,1.0099928,492.9003,7.584079,781.5023,0.795347,1.56177335933028
1.4047687,1.0073885,266.9361,6.556575,902.2689,0.8294216,1.55301659049319
1.3372219,1.006235,548.8612,4.222306,914.7221,0.9581284,1.68519461000486
0.5040876,0.9939825,549.9809,4.560112,515.4665,0.9020392,1.29343523960979
0.8792003,0.9969504,515.5395,8.669078,723.9744,0.9551907,1.56628756426927
0.5773818,1.0091945,336.0326,4.521295,755.4775,0.7932984,1.17585258217683
0.9439012,0.9926278,270.9843,9.082754,232.6655,0.8685135,1.38732212228849
1.4515304,0.9955274,216.1901,3.792569,634.0158,0.7792393,1.43777148802672
0.7848983,1.0036489,295.4636,5.06687,867.0757,0.9714435,1.5014396977926
0.5083661,0.9965999,358.928,8.635967,790.4677,0.8864166,1.3207821834748
1.2832876,1.0067751,504.2864,7.830239,735.4837,0.9084528,1.65375955057184
1.4917049,0.9976411,489.1457,6.196195,406.6981,0.7316149,1.62986146755809
0.9161726,0.9958549,304.5326,8.340961,859.5629,0.8662019,1.46473902087741
0.974127,1.0031426,286.1799,5.25046,383.5476,0.7202817,1.29164678907823
1.4367505,0.9996759,255.8161,5.025647,548.0935,0.8617224,1.54135657118934
1.3932804,1.0089046,221.158,4.570514,414.8142,0.9333131,1.54817283187141
1.4210905,0.9953827,291.6303,4.854908,722.3105,0.892986,1.58639805000387
0.5438867,0.9990944,544.8655,9.830819,303.6848,0.7676786,1.18937761967643
0.546372,0.9964788,294.9361,9.860267,480.7241,0.728116,1.14323240828481
0.9112981,0.9985892,400.3412,7.413506,541.1087,0.8299279,1.44750308085596
1.0171399,1.0040264,415.8762,9.826115,433.5856,0.7458439,1.46918567642452
0.6073058,0.9915726,259.8743,5.966456,573.4563,0.9880151,1.41807214566869
0.9977233,1.0075198,484.262,8.242989,789.2594,0.8881819,1.57401266161293
1.1299006,0.998156,373.3494,9.641279,602.2365,0.7153457,1.4844229902214
1.0610901,1.0080234,224.4746,7.105812,413.9252,0.7975314,1.36859743491467
0.9743945,0.9949938,492.8347,4.354691,920.8225,0.9046245,1.56401444462407
0.682815,0.9930822,331.1174,8.055109,992.5044,0.9441978,1.45074684953689
1.295218,1.0042422,200.6669,3.113431,202.165,0.8275408,1.36014454147952
1.0866351,1.0080555,436.4939,6.8375,353.3814,0.7157594,1.47339340444362
1.1681524,1.0065026,271.7977,8.485645,314.1466,0.9213814,1.5220159959535
1.2492314,0.9951568,294.423,8.267916,994.9893,0.7132979,1.475994669256
1.1784532,0.9937088,265.8887,3.459987,822.0226,0.9415915,1.55905002374022
0.915238,1.0031101,503.8171,7.311577,602.4611,0.9542558,1.57029559292749
0.6584576,0.9992255,292.047,3.246011,633.4882,0.9008631,1.31236524758574
1.4638985,1.0036176,385.9219,8.363055,896.4372,0.7844801,1.6141003559538
0.9774086,0.9952321,292.6433,5.21822,654.937,0.9394572,1.51350608071937
1.0306744,1.0094984,297.7062,9.602017,683.1164,0.8015505,1.45833670047897
0.7853315,0.9931316,525.0195,8.935739,560.7922,0.7810443,1.38186766451381
0.9591432,1.0056942,328.8936,5.506187,368.2581,0.7113052,1.31505772866305
0.9158549,1.0059083,329.2944,3.796882,718.4194,0.9562004,1.52738821485361
0.5245069,0.9925976,261.7539,7.376556,480.0071,0.9770926,1.38155297460008
1.1658603,1.0089508,456.5795,9.805294,849.8002,0.7597204,1.56835613402873
1.1691515,0.9973142,457.4021,3.069739,576.7441,0.7179379,1.47923648530951
0.8373777,0.9978579,509.6014,6.494321,261.3183,0.9111358,1.45545649999789
0.6711763,0.9936859,303.2958,7.146698,409.2209,0.9865389,1.41487504797962
1.1019362,1.0064268,232.0718,6.181184,278.6991,0.8312964,1.38827898071488
1.4005348,1.0012797,275.9052,5.079934,256.9346,0.7074129,1.44052550809196
0.99819,0.9916215,334.3492,9.475196,423.2672,0.9706072,1.54519399610047
1.0324341,0.997494,459.6203,3.604405,809.9557,0.8391452,1.51940839291055
1.2834721,1.0084351,299.8092,3.313228,334.1208,0.992517,1.60973301814238
0.914706,1.0093444,479.416,4.951129,934.3589,0.9754689,1.60098753428565
0.7650237,1.0017655,528.9662,7.529008,734.8238,0.915744,1.47782126277932
0.5400916,0.9912394,545.4136,5.790599,699.1457,0.8411499,1.26224705018933
1.4787309,1.001134,365.492,7.274503,210.9062,0.8118742,1.58854605887747
0.9695677,1.0093033,467.5393,8.95553,356.2876,0.8494291,1.51148829761901
0.8199467,0.9952773,487.9509,3.449412,636.0545,0.8359489,1.39409018819972
1.1861838,1.0026163,368.6295,7.200607,943.9113,0.9446533,1.62546898309566
0.7169083,1.0030835,422.6134,4.051191,343.0544,0.8907063,1.33232515963104
0.5352088,0.9917616,461.3461,4.776717,792.5436,0.7765004,1.16477333929227
0.8382955,0.9938218,325.282,9.990246,255.8916,0.8440806,1.35783784168251
1.4120948,0.9994128,278.6118,8.260587,328.1456,0.7720974,1.51101557208239
